index,reorder_point,order_size,total_cost,ordering_cost,holding_cost,shortage_cost
0,0,5,237.1,106.0,0.2,131.0
1,0,5,245.2,109.1,0.1,136.0
2,0,5,238.5,106.4,0.1,132.1
3,0,5,241.5,107.7,0.2,133.6
4,0,5,232.7,105.0,0.1,127.6
5,0,5,231.7,104.5,0.2,127.0
6,0,5,232.5,105.0,0.2,127.3
7,0,5,242.5,108.0,0.2,134.4
8,0,5,230.2,104.2,0.2,125.8
9,0,5,237.9,106.5,0.1,131.3
10,0,10,214.5,106.3,0.2,108.0
11,0,10,212.8,105.6,0.2,107.0
12,0,10,216.4,106.8,0.2,109.4
13,0,10,215.9,107.3,0.2,108.4
14,0,10,216.0,105.8,0.2,110.0
15,0,10,212.2,105.5,0.2,106.5
16,0,10,216.4,106.2,0.2,110.0
17,0,10,216.5,107.2,0.3,109.0
18,0,10,218.8,107.8,0.2,110.8
19,0,10,211.1,105.4,0.3,105.5
20,0,15,197.4,105.4,0.4,91.7
21,0,15,195.9,105.7,0.5,89.7
22,0,15,192.6,104.2,0.4,88.0
23,0,15,195.1,105.4,0.3,89.3
24,0,15,188.9,103.8,0.4,84.7
25,0,15,197.9,106.1,0.5,91.3
26,0,15,186.6,102.1,0.5,84.0
27,0,15,190.9,102.4,0.5,88.0
28,0,15,195.2,104.4,0.4,90.4
29,0,15,191.9,103.5,0.4,88.0
30,0,20,179.6,101.0,0.9,77.7
31,0,20,174.8,99.4,1.0,74.5
32,0,20,179.7,100.8,0.9,78.0
33,0,20,176.1,99.1,0.9,76.1
34,0,20,179.8,100.4,0.9,78.5
35,0,20,174.4,98.5,0.9,75.0
36,0,20,177.0,98.7,1.0,77.4
37,0,20,178.8,100.8,0.9,77.1
38,0,20,174.1,99.2,0.9,74.0
39,0,20,176.1,99.0,1.0,76.1
40,0,25,168.8,97.0,1.6,70.2
41,0,25,170.0,97.3,1.7,70.9
42,0,25,166.4,95.7,1.6,69.1
43,0,25,166.5,95.7,1.6,69.2
44,0,25,164.7,95.3,1.7,67.6
45,0,25,166.0,95.3,1.6,69.2
46,0,25,170.6,96.7,1.6,72.3
47,0,25,176.0,98.3,1.6,76.1
48,0,25,167.0,94.9,1.6,70.5
49,0,25,168.2,96.5,1.6,70.1
50,0,30,156.2,92.1,2.7,61.4
51,0,30,158.1,93.2,2.8,62.1
52,0,30,157.1,91.1,3.0,63.0
53,0,30,161.0,94.4,2.5,64.1
54,0,30,160.6,93.9,2.7,64.0
55,0,30,158.1,92.1,2.8,63.1
56,0,30,159.3,93.1,2.6,63.7
57,0,30,157.5,92.8,2.8,62.0
58,0,30,159.8,92.4,2.8,64.5
59,0,30,158.7,92.1,2.6,64.0
60,0,35,152.3,91.4,4.0,57.0
61,0,35,153.0,89.9,4.0,59.1
62,0,35,153.3,91.1,4.1,58.1
63,0,35,156.3,92.4,3.7,60.2
64,0,35,151.2,89.6,4.0,57.5
65,0,35,154.5,92.3,4.0,58.3
66,0,35,150.3,90.1,4.2,56.0
67,0,35,152.3,90.5,4.1,57.7
68,0,35,148.9,89.0,4.2,55.7
69,0,35,150.3,89.6,3.8,56.9
70,0,40,144.6,88.4,5.7,50.4
71,0,40,149.9,91.7,5.4,52.8
72,0,40,149.8,91.4,5.5,52.9
73,0,40,144.6,88.2,5.5,50.9
74,0,40,144.2,88.9,5.4,50.0
75,0,40,148.9,91.1,5.5,52.3
76,0,40,145.4,89.2,5.8,50.5
77,0,40,146.1,87.7,5.6,52.8
78,0,40,150.7,91.5,5.4,53.8
79,0,40,143.2,88.2,5.8,49.2
80,0,45,142.1,88.8,7.0,46.3
81,0,45,142.9,88.9,6.9,47.1
82,0,45,144.5,89.2,7.2,48.1
83,0,45,141.7,87.1,7.1,47.5
84,0,45,140.8,88.0,7.3,45.5
85,0,45,143.7,88.9,7.0,47.8
86,0,45,148.0,91.3,7.0,49.8
87,0,45,145.6,90.1,6.9,48.6
88,0,45,134.9,85.8,7.8,41.3
89,0,45,143.5,90.0,7.2,46.3
90,0,50,141.7,88.6,9.3,43.8
91,0,50,134.7,86.4,9.3,39.0
92,0,50,141.2,88.2,9.0,44.0
93,0,50,139.1,87.2,9.2,42.7
94,0,50,138.6,85.8,8.8,44.0
95,0,50,138.4,86.3,9.0,43.1
96,0,50,140.9,88.3,8.6,44.0
97,0,50,140.0,88.9,8.8,42.4
98,0,50,137.4,87.0,9.1,41.2
99,0,50,141.1,87.3,8.7,45.0
100,5,5,212.2,106.4,0.2,105.6
101,5,5,214.2,106.7,0.3,107.3
102,5,5,216.0,107.5,0.2,108.2
103,5,5,211.8,106.2,0.2,105.4
104,5,5,205.1,103.9,0.2,101.1
105,5,5,215.1,107.6,0.3,107.2
106,5,5,213.8,106.9,0.2,106.7
107,5,5,209.1,105.3,0.2,103.6
108,5,5,208.6,105.0,0.2,103.3
109,5,5,214.6,106.8,0.3,107.5
110,5,10,192.1,106.7,0.4,84.9
111,5,10,184.5,103.9,0.5,80.0
112,5,10,189.6,105.5,0.5,83.6
113,5,10,193.1,106.8,0.4,85.9
114,5,10,188.6,105.5,0.5,82.7
115,5,10,187.7,106.2,0.4,81.0
116,5,10,190.0,106.0,0.5,83.5
117,5,10,190.2,105.3,0.5,84.4
118,5,10,190.9,106.0,0.4,84.4
119,5,10,192.3,106.2,0.5,85.6
120,5,15,171.8,104.4,1.0,66.3
121,5,15,168.7,102.1,1.1,65.4
122,5,15,171.3,104.4,1.0,65.9
123,5,15,170.5,102.9,1.2,66.4
124,5,15,170.7,102.9,1.0,66.8
125,5,15,174.6,105.3,1.0,68.3
126,5,15,165.9,102.0,1.1,62.7
127,5,15,169.2,104.1,1.0,64.1
128,5,15,169.6,103.4,1.1,65.2
129,5,15,167.7,102.5,1.1,64.1
130,5,20,160.9,99.4,1.8,59.7
131,5,20,157.3,99.2,2.0,56.1
132,5,20,157.0,99.5,2.0,55.5
133,5,20,156.8,98.8,2.0,56.1
134,5,20,155.3,99.1,1.9,54.3
135,5,20,158.6,100.4,1.9,56.3
136,5,20,161.7,101.7,1.9,58.1
137,5,20,155.4,98.7,2.1,54.6
138,5,20,157.2,99.0,2.1,56.0
139,5,20,165.4,102.8,1.8,60.8
140,5,25,147.6,95.4,3.3,48.9
141,5,25,143.9,92.3,3.4,48.3
142,5,25,150.1,95.2,3.3,51.7
143,5,25,146.8,94.0,3.4,49.4
144,5,25,152.2,96.5,3.2,52.5
145,5,25,153.3,96.3,3.1,53.8
146,5,25,146.4,94.0,3.2,49.2
147,5,25,152.6,96.2,3.0,53.5
148,5,25,152.7,96.8,3.1,52.8
149,5,25,147.3,94.7,3.2,49.4
150,5,30,146.8,93.0,4.2,49.5
151,5,30,144.3,92.0,4.5,47.8
152,5,30,149.1,95.6,4.3,49.2
153,5,30,143.6,91.7,4.6,47.3
154,5,30,143.0,92.2,4.6,46.2
155,5,30,145.9,92.6,4.6,48.6
156,5,30,143.1,93.0,4.3,45.8
157,5,30,144.7,92.8,4.3,47.6
158,5,30,142.1,91.5,4.4,46.2
159,5,30,146.4,94.1,4.4,47.9
160,5,35,143.1,92.5,6.0,44.6
161,5,35,140.3,91.4,6.1,42.7
162,5,35,136.0,89.6,6.3,40.1
163,5,35,142.2,92.4,5.6,44.2
164,5,35,140.6,90.8,5.9,43.8
165,5,35,143.3,91.7,5.6,46.0
166,5,35,142.0,91.8,5.5,44.6
167,5,35,136.5,90.1,6.3,40.2
168,5,35,144.1,92.9,5.6,45.6
169,5,35,139.9,90.8,5.8,43.3
170,5,40,134.9,88.5,8.2,38.3
171,5,40,140.9,91.3,7.7,41.8
172,5,40,137.1,90.0,7.4,39.7
173,5,40,137.9,90.1,7.5,40.2
174,5,40,136.4,89.4,7.5,39.4
175,5,40,137.9,90.2,7.7,39.9
176,5,40,133.0,87.7,7.9,37.4
177,5,40,140.2,92.2,7.5,40.5
178,5,40,137.9,91.2,7.6,39.1
179,5,40,135.2,88.8,8.1,38.2
180,5,45,129.0,85.4,10.3,33.3
181,5,45,130.5,88.3,10.0,32.2
182,5,45,130.8,87.5,10.0,33.3
183,5,45,132.4,88.9,9.8,33.8
184,5,45,134.9,88.5,9.6,36.8
185,5,45,131.8,87.5,10.1,34.3
186,5,45,133.5,88.8,9.4,35.3
187,5,45,130.4,88.8,9.8,31.8
188,5,45,131.9,88.2,9.8,33.9
189,5,45,129.0,86.6,9.9,32.5
190,5,50,128.0,86.0,11.9,30.1
191,5,50,130.8,86.4,11.9,32.6
192,5,50,128.1,86.0,12.0,30.1
193,5,50,129.8,86.0,11.7,32.1
194,5,50,130.9,86.6,12.1,32.2
195,5,50,126.6,84.6,11.9,30.1
196,5,50,130.3,86.8,12.0,31.5
197,5,50,129.8,86.6,12.2,31.1
198,5,50,130.0,86.7,11.9,31.5
199,5,50,131.3,87.5,11.6,32.1
200,10,5,184.2,104.6,0.5,79.2
201,10,5,191.5,106.6,0.4,84.4
202,10,5,187.0,105.5,0.5,81.0
203,10,5,189.4,106.1,0.5,82.8
204,10,5,187.2,106.0,0.5,80.7
205,10,5,187.9,105.6,0.5,81.8
206,10,5,183.6,104.5,0.5,78.6
207,10,5,187.7,105.8,0.4,81.5
208,10,5,188.9,106.7,0.4,81.7
209,10,5,188.0,105.8,0.4,81.8
210,10,10,168.3,105.8,1.1,61.4
211,10,10,161.7,103.6,1.1,57.0
212,10,10,174.2,107.1,1.2,65.9
213,10,10,167.8,105.9,1.1,60.8
214,10,10,169.2,106.0,1.0,62.1
215,10,10,168.9,106.7,1.0,61.1
216,10,10,172.0,106.9,0.9,64.2
217,10,10,171.3,105.8,1.1,64.4
218,10,10,165.4,104.3,1.1,60.0
219,10,10,167.4,105.4,1.1,60.8
220,10,15,153.4,104.3,2.1,47.0
221,10,15,151.2,102.0,2.5,46.7
222,10,15,154.4,104.9,2.2,47.3
223,10,15,158.0,105.7,2.1,50.2
224,10,15,157.2,104.4,2.2,50.7
225,10,15,155.1,105.5,2.2,47.4
226,10,15,152.1,103.3,2.1,46.6
227,10,15,151.6,102.1,2.4,47.0
228,10,15,158.5,106.5,2.0,50.0
229,10,15,151.9,104.8,2.2,44.9
230,10,20,142.4,99.9,3.6,38.8
231,10,20,137.7,97.1,3.9,36.7
232,10,20,140.4,97.8,4.0,38.6
233,10,20,138.7,96.8,3.7,38.1
234,10,20,141.4,99.0,3.8,38.6
235,10,20,142.6,99.9,3.6,39.2
236,10,20,144.7,99.4,3.8,41.5
237,10,20,142.2,98.9,3.7,39.7
238,10,20,143.1,100.4,3.8,39.0
239,10,20,146.8,100.2,3.4,43.2
240,10,25,128.9,92.4,5.6,31.0
241,10,25,133.8,93.0,5.3,35.5
242,10,25,134.9,94.4,5.3,35.2
243,10,25,139.0,96.7,5.1,37.2
244,10,25,138.6,96.2,5.1,37.2
245,10,25,139.7,96.8,5.2,37.6
246,10,25,138.1,95.4,5.2,37.5
247,10,25,137.3,96.6,5.4,35.4
248,10,25,133.8,92.4,5.3,36.1
249,10,25,142.1,97.0,4.8,40.3
250,10,30,133.6,91.9,6.8,34.8
251,10,30,137.9,96.7,6.5,34.6
252,10,30,133.7,92.0,6.6,35.1
253,10,30,132.9,92.1,6.9,34.0
254,10,30,134.0,93.4,7.1,33.6
255,10,30,135.0,93.6,6.5,34.8
256,10,30,134.6,92.8,6.6,35.2
257,10,30,132.1,91.6,7.0,33.5
258,10,30,132.4,91.3,7.1,34.0
259,10,30,137.8,95.3,6.5,36.0
260,10,35,127.2,89.1,8.8,29.3
261,10,35,127.7,90.2,8.8,28.7
262,10,35,128.0,88.7,8.7,30.6
263,10,35,128.7,90.5,8.8,29.4
264,10,35,130.6,91.1,8.6,30.9
265,10,35,130.5,91.1,8.4,31.1
266,10,35,132.9,92.4,8.1,32.4
267,10,35,134.0,92.6,8.1,33.3
268,10,35,130.3,91.0,8.3,31.0
269,10,35,130.9,89.3,8.5,33.2
270,10,40,128.7,90.2,10.3,28.1
271,10,40,128.0,90.0,10.6,27.4
272,10,40,120.7,86.6,11.4,22.8
273,10,40,130.5,90.7,9.9,29.9
274,10,40,128.4,90.3,10.3,27.9
275,10,40,129.6,90.4,10.7,28.5
276,10,40,130.7,90.6,10.4,29.8
277,10,40,128.7,89.6,10.6,28.5
278,10,40,128.5,89.1,10.8,28.6
279,10,40,125.4,87.5,11.2,26.8
280,10,45,121.1,85.8,13.7,21.7
281,10,45,126.5,89.9,13.0,23.7
282,10,45,125.1,88.5,12.6,24.0
283,10,45,126.4,88.9,13.0,24.5
284,10,45,128.7,89.8,12.5,26.4
285,10,45,124.8,88.0,13.0,23.8
286,10,45,124.6,89.2,13.1,22.3
287,10,45,129.7,89.5,12.6,27.7
288,10,45,125.1,88.4,12.5,24.2
289,10,45,125.4,88.1,12.8,24.6
290,10,50,125.1,88.4,14.8,21.9
291,10,50,122.6,86.5,15.5,20.7
292,10,50,127.2,87.8,14.6,24.8
293,10,50,127.5,89.2,14.7,23.6
294,10,50,122.9,87.2,14.9,20.8
295,10,50,127.2,88.6,15.0,23.6
296,10,50,125.9,88.2,15.2,22.4
297,10,50,125.5,87.5,14.9,23.1
298,10,50,128.3,89.2,14.1,24.9
299,10,50,126.1,88.2,14.6,23.3
300,15,5,167.2,105.8,1.0,60.4
301,15,5,168.2,106.3,1.2,60.7
302,15,5,168.1,106.9,1.1,60.1
303,15,5,169.3,106.4,1.1,61.8
304,15,5,166.3,104.6,1.2,60.5
305,15,5,166.9,105.5,1.0,60.4
306,15,5,170.9,107.1,1.1,62.7
307,15,5,171.6,107.4,1.0,63.2
308,15,5,166.5,106.1,1.2,59.2
309,15,5,164.1,104.4,1.2,58.6
310,15,10,151.2,106.4,2.3,42.5
311,15,10,149.2,104.9,2.5,41.8
312,15,10,153.1,107.0,2.2,43.9
313,15,10,151.8,106.1,2.5,43.2
314,15,10,149.6,104.8,2.4,42.3
315,15,10,154.4,106.8,2.2,45.3
316,15,10,151.2,105.7,2.5,43.0
317,15,10,154.1,107.1,2.3,44.6
318,15,10,149.5,104.6,2.6,42.3
319,15,10,151.9,106.1,2.4,43.4
320,15,15,143.7,106.1,3.9,33.7
321,15,15,144.9,106.8,4.0,34.1
322,15,15,136.6,101.1,4.5,31.1
323,15,15,143.5,105.8,4.0,33.7
324,15,15,132.2,100.5,4.6,27.1
325,15,15,140.6,104.1,4.1,32.4
326,15,15,139.0,103.3,4.2,31.5
327,15,15,144.9,106.7,3.8,34.3
328,15,15,138.9,103.5,4.1,31.3
329,15,15,141.2,104.3,3.9,33.0
330,15,20,130.3,98.4,6.5,25.4
331,15,20,130.5,98.2,6.0,26.3
332,15,20,133.1,100.4,5.9,26.8
333,15,20,133.4,100.6,5.9,26.9
334,15,20,131.2,99.4,6.3,25.5
335,15,20,130.0,98.5,5.9,25.6
336,15,20,133.2,100.3,5.8,27.1
337,15,20,132.3,100.2,5.8,26.3
338,15,20,130.1,98.2,6.1,25.8
339,15,20,136.4,100.9,5.8,29.7
340,15,25,126.2,94.7,8.0,23.6
341,15,25,128.3,94.8,7.6,25.9
342,15,25,123.2,92.9,8.1,22.2
343,15,25,129.5,95.8,7.9,25.8
344,15,25,130.3,96.6,7.5,26.2
345,15,25,131.9,97.3,7.4,27.2
346,15,25,128.1,95.1,8.0,25.0
347,15,25,133.1,97.8,7.6,27.7
348,15,25,126.9,94.3,8.0,24.7
349,15,25,129.6,96.9,7.8,24.9
350,15,30,127.1,94.1,9.6,23.5
351,15,30,124.4,91.8,9.3,23.4
352,15,30,127.7,93.6,9.4,24.7
353,15,30,127.3,95.2,9.3,22.9
354,15,30,125.2,92.4,9.8,23.0
355,15,30,126.2,93.0,10.0,23.3
356,15,30,130.5,96.2,9.2,25.1
357,15,30,125.9,92.7,9.6,23.6
358,15,30,127.1,92.8,9.3,24.9
359,15,30,128.6,93.5,9.3,25.8
360,15,35,123.1,91.6,11.7,19.9
361,15,35,122.2,90.1,11.2,20.9
362,15,35,122.1,90.2,11.8,20.1
363,15,35,118.2,88.0,12.2,18.0
364,15,35,125.6,92.3,11.4,21.9
365,15,35,123.6,90.4,11.9,21.3
366,15,35,121.0,89.8,11.9,19.4
367,15,35,121.3,88.4,12.1,20.8
368,15,35,122.3,90.5,11.7,20.1
369,15,35,122.3,90.5,11.9,19.8
370,15,40,120.8,89.2,14.2,17.3
371,15,40,120.9,88.5,14.3,18.1
372,15,40,120.5,89.1,13.9,17.5
373,15,40,124.2,90.5,13.7,20.0
374,15,40,121.3,89.4,13.5,18.5
375,15,40,121.7,89.2,14.2,18.2
376,15,40,119.2,88.3,14.5,16.4
377,15,40,117.3,86.5,14.5,16.3
378,15,40,124.5,91.9,13.4,19.2
379,15,40,126.2,90.8,13.7,21.7
380,15,45,122.5,89.1,16.5,17.0
381,15,45,123.0,89.1,15.9,18.0
382,15,45,121.3,89.4,16.1,15.8
383,15,45,122.4,89.2,16.4,16.8
384,15,45,121.6,88.2,16.3,17.0
385,15,45,122.2,89.3,15.6,17.3
386,15,45,122.2,88.2,16.5,17.6
387,15,45,123.9,89.8,16.0,18.1
388,15,45,123.4,89.8,16.1,17.5
389,15,45,121.6,88.6,15.9,17.2
390,15,50,119.4,86.3,18.9,14.2
391,15,50,124.4,90.1,18.0,16.2
392,15,50,122.7,88.7,18.1,15.9
393,15,50,119.9,85.8,18.9,15.2
394,15,50,121.7,87.5,18.9,15.3
395,15,50,119.4,85.8,18.9,14.6
396,15,50,123.3,88.8,18.0,16.4
397,15,50,123.0,88.8,18.8,15.5
398,15,50,123.9,88.0,18.4,17.5
399,15,50,120.2,86.7,18.7,14.8
400,20,5,146.5,104.5,2.6,39.3
401,20,5,157.9,109.5,2.1,46.3
402,20,5,152.3,106.4,2.3,43.6
403,20,5,150.8,105.9,2.5,42.3
404,20,5,152.1,106.8,2.4,42.9
405,20,5,152.6,106.3,2.4,43.8
406,20,5,150.8,106.2,2.5,42.1
407,20,5,147.9,105.2,2.6,40.1
408,20,5,151.0,106.3,2.6,42.1
409,20,5,149.1,105.2,2.6,41.3
410,20,10,139.6,106.7,4.3,28.7
411,20,10,142.0,107.5,4.2,30.4
412,20,10,139.0,106.5,4.2,28.3
413,20,10,140.3,106.9,4.3,29.0
414,20,10,142.3,107.2,4.2,31.0
415,20,10,141.8,107.7,4.1,29.9
416,20,10,141.4,107.5,4.2,29.7
417,20,10,141.7,106.6,4.4,30.7
418,20,10,139.8,106.3,4.4,29.1
419,20,10,138.0,105.5,4.3,28.2
420,20,15,128.8,102.8,6.9,19.2
421,20,15,132.7,104.4,6.5,21.8
422,20,15,132.2,105.3,6.5,20.5
423,20,15,131.4,103.8,6.9,20.7
424,20,15,131.5,103.8,6.7,21.0
425,20,15,133.9,105.5,6.5,21.9
426,20,15,125.1,101.2,7.1,16.7
427,20,15,132.2,103.5,6.6,22.1
428,20,15,129.7,103.3,6.9,19.5
429,20,15,129.1,103.2,6.9,19.0
430,20,20,124.4,98.8,9.2,16.4
431,20,20,125.1,99.9,9.2,15.9
432,20,20,125.3,100.1,8.6,16.6
433,20,20,126.4,99.9,8.9,17.6
434,20,20,125.5,98.8,9.0,17.8
435,20,20,129.4,102.8,8.9,17.7
436,20,20,123.6,98.5,9.3,15.8
437,20,20,123.9,97.4,9.5,16.9
438,20,20,126.4,100.1,8.8,17.5
439,20,20,129.2,101.6,8.9,18.7
440,20,25,128.4,98.9,10.3,19.2
441,20,25,122.6,95.8,11.1,15.7
442,20,25,122.0,95.5,11.3,15.2
443,20,25,121.1,94.6,11.2,15.2
444,20,25,121.1,94.9,11.3,14.9
445,20,25,124.0,95.5,10.9,17.7
446,20,25,122.0,94.8,11.4,15.8
447,20,25,125.7,96.5,10.6,18.6
448,20,25,121.7,94.9,11.5,15.3
449,20,25,126.0,97.5,10.5,18.0
450,20,30,122.7,92.8,12.3,17.6
451,20,30,123.4,94.5,12.6,16.3
452,20,30,120.4,92.6,13.2,14.5
453,20,30,120.1,91.9,13.5,14.7
454,20,30,120.0,92.1,13.2,14.6
455,20,30,122.0,93.3,12.8,15.9
456,20,30,120.7,93.5,12.8,14.4
457,20,30,125.3,95.9,12.3,17.1
458,20,30,126.5,96.8,12.2,17.6
459,20,30,120.6,92.8,13.3,14.5
460,20,35,119.1,90.9,15.3,12.9
461,20,35,122.7,92.4,14.8,15.5
462,20,35,119.1,90.4,15.4,13.3
463,20,35,119.0,90.4,15.8,12.7
464,20,35,122.4,92.3,15.2,14.8
465,20,35,119.9,91.5,15.3,13.1
466,20,35,120.4,91.4,15.2,13.8
467,20,35,118.1,89.5,14.9,13.7
468,20,35,120.6,91.9,14.7,14.1
469,20,35,119.6,90.4,15.3,13.9
470,20,40,120.8,91.0,17.2,12.6
471,20,40,119.7,89.7,17.8,12.3
472,20,40,119.9,89.9,17.8,12.2
473,20,40,119.1,89.9,17.0,12.2
474,20,40,119.3,89.6,17.9,11.7
475,20,40,118.7,89.5,17.1,12.1
476,20,40,126.7,94.8,16.4,15.5
477,20,40,121.1,90.6,17.2,13.3
478,20,40,121.1,91.2,17.0,12.8
479,20,40,121.4,91.3,17.6,12.4
480,20,45,118.2,88.3,20.2,9.7
481,20,45,119.1,87.8,20.1,11.2
482,20,45,118.9,87.5,19.8,11.5
483,20,45,120.5,88.2,19.5,12.8
484,20,45,118.9,86.8,19.8,12.3
485,20,45,119.1,88.5,20.4,10.2
486,20,45,120.3,88.9,20.1,11.3
487,20,45,118.6,88.1,19.7,10.8
488,20,45,117.5,87.5,20.1,9.9
489,20,45,121.8,90.5,19.6,11.8
490,20,50,119.1,86.5,22.6,10.0
491,20,50,117.9,85.2,22.6,10.1
492,20,50,118.7,86.6,22.0,10.0
493,20,50,121.3,89.1,21.8,10.4
494,20,50,119.6,87.2,22.2,10.3
495,20,50,119.5,87.0,23.0,9.6
496,20,50,118.1,85.8,23.4,8.9
497,20,50,120.1,87.8,22.8,9.5
498,20,50,121.4,88.6,21.6,11.2
499,20,50,120.7,88.1,22.6,10.0
500,25,5,141.3,107.5,4.3,29.6
501,25,5,138.8,106.1,4.6,28.1
502,25,5,142.4,107.7,4.4,30.2
503,25,5,139.0,107.2,4.5,27.3
504,25,5,138.2,105.9,4.8,27.5
505,25,5,138.1,105.8,4.6,27.7
506,25,5,140.3,107.1,4.4,28.8
507,25,5,139.7,106.8,4.5,28.4
508,25,5,136.7,106.1,4.6,26.0
509,25,5,135.3,105.2,4.7,25.4
510,25,10,129.0,105.7,7.2,16.1
511,25,10,128.7,104.9,7.3,16.5
512,25,10,130.7,106.7,7.0,17.0
513,25,10,132.2,107.1,7.1,18.0
514,25,10,129.2,105.3,7.4,16.6
515,25,10,131.7,106.9,7.1,17.7
516,25,10,130.2,106.0,7.2,17.0
517,25,10,127.0,104.1,7.9,15.1
518,25,10,129.5,104.7,7.3,17.5
519,25,10,128.9,105.3,7.2,16.4
520,25,15,126.1,103.6,10.1,12.5
521,25,15,128.2,105.9,9.7,12.6
522,25,15,125.4,103.9,10.5,11.0
523,25,15,129.7,105.9,10.0,13.8
524,25,15,128.6,106.0,10.0,12.6
525,25,15,128.6,106.2,9.9,12.5
526,25,15,126.6,105.2,10.2,11.2
527,25,15,125.4,104.3,10.3,10.8
528,25,15,123.0,101.3,10.6,11.1
529,25,15,123.6,102.3,10.6,10.7
530,25,20,122.4,98.8,12.8,10.8
531,25,20,120.2,97.5,13.0,9.7
532,25,20,120.4,97.1,13.1,10.2
533,25,20,121.5,99.9,12.6,9.0
534,25,20,123.5,99.7,12.8,11.0
535,25,20,122.3,98.5,13.0,10.7
536,25,20,127.8,103.1,12.0,12.7
537,25,20,121.3,98.6,13.0,9.7
538,25,20,124.9,100.9,12.1,11.9
539,25,20,122.2,99.5,13.0,9.7
540,25,25,117.3,93.1,15.3,8.9
541,25,25,118.1,92.8,14.8,10.5
542,25,25,124.2,98.1,14.6,11.6
543,25,25,119.6,95.4,14.4,9.7
544,25,25,118.6,93.2,14.9,10.4
545,25,25,119.2,95.1,15.1,9.0
546,25,25,119.1,95.3,14.6,9.2
547,25,25,117.3,92.8,14.7,9.8
548,25,25,122.3,97.3,14.5,10.6
549,25,25,121.7,97.2,14.7,9.8
550,25,30,121.5,93.9,16.5,11.0
551,25,30,120.5,94.8,16.1,9.6
552,25,30,119.2,92.6,16.8,9.8
553,25,30,121.7,94.9,16.6,10.3
554,25,30,121.5,94.8,16.5,10.3
555,25,30,118.4,91.2,17.3,9.9
556,25,30,119.1,92.3,16.9,9.8
557,25,30,120.0,92.7,16.7,10.6
558,25,30,119.2,93.0,16.9,9.3
559,25,30,118.4,92.3,16.7,9.4
560,25,35,118.7,91.3,19.4,8.0
561,25,35,119.2,91.0,19.2,9.0
562,25,35,120.6,92.9,18.8,8.9
563,25,35,120.6,91.8,19.1,9.7
564,25,35,119.0,92.0,18.6,8.4
565,25,35,120.0,92.5,18.6,8.8
566,25,35,118.1,90.7,19.0,8.4
567,25,35,119.5,92.2,19.1,8.2
568,25,35,119.7,92.5,18.9,8.3
569,25,35,119.5,91.4,18.8,9.3
570,25,40,119.4,90.2,21.5,7.8
571,25,40,120.2,91.0,21.2,8.1
572,25,40,119.1,89.6,21.0,8.4
573,25,40,119.0,90.0,21.6,7.3
574,25,40,119.3,89.4,21.8,8.1
575,25,40,119.3,90.4,21.2,7.7
576,25,40,120.7,91.4,21.0,8.3
577,25,40,118.5,89.6,21.3,7.6
578,25,40,118.0,89.6,21.4,7.0
579,25,40,117.2,88.2,22.2,6.8
580,25,45,119.2,88.0,24.0,7.2
581,25,45,118.8,87.2,25.6,6.0
582,25,45,121.1,89.4,23.4,8.3
583,25,45,119.5,88.5,23.6,7.4
584,25,45,118.2,88.0,24.5,5.7
585,25,45,117.6,86.7,24.1,6.8
586,25,45,118.0,88.2,25.0,4.7
587,25,45,119.9,89.7,24.0,6.2
588,25,45,121.6,89.3,24.1,8.2
589,25,45,117.3,87.4,24.1,5.8
590,25,50,122.1,89.4,27.0,5.7
591,25,50,118.3,85.6,26.1,6.6
592,25,50,118.0,85.7,27.3,5.0
593,25,50,121.4,87.5,27.2,6.6
594,25,50,121.6,88.4,26.2,7.0
595,25,50,121.9,88.5,26.2,7.2
596,25,50,120.7,88.0,26.4,6.3
597,25,50,122.3,89.2,25.0,8.1
598,25,50,119.6,86.6,26.7,6.2
599,25,50,120.5,87.8,26.9,5.8
600,30,5,133.3,108.0,6.8,18.4
601,30,5,135.5,109.6,6.6,19.3
602,30,5,127.9,105.4,7.5,15.1
603,30,5,132.3,107.5,7.1,17.7
604,30,5,132.8,107.4,6.8,18.6
605,30,5,131.2,106.5,7.3,17.3
606,30,5,130.8,107.1,7.0,16.7
607,30,5,132.6,107.7,7.1,17.9
608,30,5,130.3,106.6,7.0,16.6
609,30,5,133.2,108.2,6.7,18.3
610,30,10,127.5,107.2,10.1,10.2
611,30,10,127.4,106.4,10.6,10.4
612,30,10,127.3,106.3,10.6,10.5
613,30,10,127.1,106.6,10.4,10.1
614,30,10,122.6,103.5,11.2,8.0
615,30,10,126.9,106.2,10.5,10.2
616,30,10,124.0,104.1,11.1,8.8
617,30,10,123.1,103.5,11.2,8.5
618,30,10,125.2,104.7,11.1,9.4
619,30,10,124.4,104.8,11.1,8.5
620,30,15,123.3,102.5,14.4,6.5
621,30,15,123.6,103.0,14.4,6.2
622,30,15,126.1,106.5,13.8,5.8
623,30,15,124.7,102.7,14.2,7.9
624,30,15,123.7,103.7,14.1,6.0
625,30,15,122.5,101.7,14.2,6.6
626,30,15,125.9,105.0,13.9,7.0
627,30,15,125.8,104.4,14.2,7.2
628,30,15,123.2,102.7,14.4,6.2
629,30,15,127.3,106.4,13.7,7.2
630,30,20,122.3,98.9,17.2,6.3
631,30,20,123.5,101.2,16.7,5.6
632,30,20,122.6,100.2,16.8,5.7
633,30,20,124.1,101.5,16.4,6.2
634,30,20,120.9,99.2,16.9,4.8
635,30,20,121.7,98.9,17.3,5.4
636,30,20,122.0,99.9,16.8,5.2
637,30,20,119.3,96.6,17.6,5.1
638,30,20,124.9,102.2,16.3,6.4
639,30,20,123.1,100.0,16.9,6.1
640,30,25,120.0,95.6,19.1,5.3
641,30,25,120.1,95.1,19.4,5.6
642,30,25,125.2,100.3,18.5,6.5
643,30,25,120.3,95.4,18.7,6.1
644,30,25,123.0,98.4,18.6,6.1
645,30,25,122.2,96.4,18.9,6.9
646,30,25,121.0,96.0,18.6,6.4
647,30,25,119.3,94.6,19.4,5.4
648,30,25,122.5,97.6,18.7,6.3
649,30,25,121.8,97.1,18.6,6.0
650,30,30,120.1,93.7,20.7,5.7
651,30,30,121.8,94.2,20.8,6.7
652,30,30,119.0,92.8,21.0,5.2
653,30,30,117.0,89.7,21.9,5.4
654,30,30,119.2,92.6,20.9,5.8
655,30,30,117.3,91.2,20.8,5.3
656,30,30,119.1,92.3,21.2,5.6
657,30,30,121.3,95.1,20.6,5.6
658,30,30,119.4,92.6,20.7,6.1
659,30,30,120.5,94.4,20.4,5.6
660,30,35,119.4,91.8,23.2,4.4
661,30,35,119.2,90.2,22.9,6.1
662,30,35,121.8,92.0,23.4,6.4
663,30,35,117.5,89.3,23.4,4.9
664,30,35,117.3,89.5,23.5,4.3
665,30,35,120.3,92.1,23.3,4.9
666,30,35,117.3,89.2,24.0,4.1
667,30,35,120.5,91.8,23.4,5.3
668,30,35,119.5,91.2,22.8,5.5
669,30,35,118.7,91.1,23.3,4.4
670,30,40,117.5,87.2,26.5,3.9
671,30,40,120.5,89.7,26.7,4.0
672,30,40,119.7,89.6,25.6,4.6
673,30,40,119.9,89.5,25.8,4.6
674,30,40,120.6,90.5,26.0,4.1
675,30,40,121.0,90.3,26.2,4.5
676,30,40,120.6,90.5,26.0,4.1
677,30,40,121.5,91.2,25.4,4.9
678,30,40,121.6,90.9,25.6,5.1
679,30,40,119.0,89.2,26.3,3.5
680,30,45,121.4,89.3,27.8,4.4
681,30,45,123.0,90.4,28.1,4.5
682,30,45,120.2,87.9,28.9,3.4
683,30,45,122.3,89.0,28.1,5.1
684,30,45,121.8,88.9,29.0,3.9
685,30,45,120.8,88.4,28.6,3.8
686,30,45,120.6,88.9,28.5,3.3
687,30,45,119.7,87.5,28.5,3.7
688,30,45,121.0,88.3,28.8,3.9
689,30,45,122.4,90.0,28.0,4.4
690,30,50,123.2,88.1,31.1,4.0
691,30,50,123.2,88.5,31.4,3.3
692,30,50,123.3,88.4,31.5,3.4
693,30,50,123.0,88.1,31.1,3.8
694,30,50,120.3,85.6,31.6,3.1
695,30,50,120.7,85.6,31.3,3.8
696,30,50,121.3,86.3,31.7,3.3
697,30,50,120.3,86.2,30.7,3.4
698,30,50,123.1,88.2,31.6,3.3
699,30,50,121.8,87.3,31.3,3.2
700,35,5,126.8,106.0,10.8,10.0
701,35,5,129.9,108.4,10.0,11.5
702,35,5,126.7,106.2,10.7,9.9
703,35,5,126.1,105.6,10.9,9.6
704,35,5,126.2,105.9,10.8,9.6
705,35,5,125.8,105.6,10.9,9.2
706,35,5,127.0,106.4,10.9,9.6
707,35,5,125.7,105.3,11.2,9.2
708,35,5,125.1,104.8,11.3,9.0
709,35,5,127.4,106.2,10.8,10.4
710,35,10,127.0,106.3,14.7,6.0
711,35,10,126.1,106.7,14.2,5.2
712,35,10,126.9,106.2,14.7,6.0
713,35,10,126.1,106.2,15.0,5.0
714,35,10,126.4,106.0,14.7,5.6
715,35,10,124.5,105.0,15.0,4.6
716,35,10,128.7,107.9,14.5,6.3
717,35,10,127.3,106.5,14.5,6.3
718,35,10,129.5,108.2,14.3,6.9
719,35,10,124.8,103.9,15.5,5.5
720,35,15,122.6,100.1,19.1,3.4
721,35,15,127.0,104.5,18.3,4.2
722,35,15,127.6,106.0,18.1,3.4
723,35,15,125.5,104.5,18.3,2.8
724,35,15,124.6,102.4,18.7,3.6
725,35,15,126.7,104.6,18.4,3.7
726,35,15,125.4,103.5,18.7,3.2
727,35,15,124.6,102.2,18.9,3.4
728,35,15,123.5,101.6,18.9,3.0
729,35,15,125.8,104.0,18.1,3.6
730,35,20,123.4,99.3,20.7,3.4
731,35,20,122.8,99.1,21.2,2.6
732,35,20,125.1,100.8,20.6,3.7
733,35,20,125.2,100.7,20.6,3.9
734,35,20,125.9,101.7,21.0,3.2
735,35,20,123.3,99.4,21.2,2.7
736,35,20,124.6,99.9,21.0,3.8
737,35,20,122.9,98.9,21.2,2.8
738,35,20,124.4,100.1,21.1,3.2
739,35,20,123.4,99.2,21.2,3.0
740,35,25,122.8,96.1,23.0,3.7
741,35,25,123.6,97.0,23.0,3.6
742,35,25,125.3,98.1,22.8,4.4
743,35,25,121.6,95.6,23.2,2.9
744,35,25,123.1,96.4,22.7,4.0
745,35,25,121.3,95.0,23.2,3.0
746,35,25,120.3,93.2,24.1,3.0
747,35,25,123.7,97.4,22.9,3.4
748,35,25,122.3,95.7,23.7,2.9
749,35,25,122.5,95.5,23.3,3.7
750,35,30,123.4,94.6,24.7,4.1
751,35,30,120.8,92.2,25.2,3.5
752,35,30,120.7,92.1,25.3,3.2
753,35,30,121.9,93.6,25.1,3.1
754,35,30,121.9,93.5,24.9,3.5
755,35,30,122.2,93.9,25.1,3.1
756,35,30,119.4,90.9,25.7,2.7
757,35,30,121.9,93.1,25.4,3.4
758,35,30,122.6,93.9,25.0,3.7
759,35,30,118.5,90.3,25.7,2.5
760,35,35,120.5,90.2,27.7,2.5
761,35,35,122.3,91.9,27.4,2.9
762,35,35,122.9,92.8,27.3,2.9
763,35,35,124.1,93.8,27.0,3.4
764,35,35,121.4,90.4,28.6,2.4
765,35,35,121.5,90.0,28.2,3.3
766,35,35,121.5,90.6,28.7,2.2
767,35,35,121.5,91.3,27.3,3.0
768,35,35,124.4,94.2,27.5,2.7
769,35,35,121.1,91.6,27.2,2.4
770,35,40,121.8,89.3,30.5,1.9
771,35,40,122.7,89.8,30.5,2.4
772,35,40,123.0,89.2,31.6,2.2
773,35,40,120.7,87.7,31.3,1.8
774,35,40,124.8,91.6,30.2,3.0
775,35,40,121.8,89.0,31.2,1.5
776,35,40,123.9,91.3,29.7,2.9
777,35,40,121.0,88.4,30.3,2.4
778,35,40,122.6,89.9,30.0,2.8
779,35,40,121.2,88.1,31.4,1.7
780,35,45,125.4,89.9,32.7,2.8
781,35,45,123.8,88.4,33.5,1.9
782,35,45,123.6,87.8,34.3,1.5
783,35,45,123.3,88.0,33.0,2.3
784,35,45,123.2,88.2,32.8,2.2
785,35,45,123.6,88.1,33.8,1.6
786,35,45,124.0,89.0,32.5,2.6
787,35,45,122.6,87.6,32.7,2.4
788,35,45,124.9,88.9,33.3,2.7
789,35,45,124.5,89.7,31.8,3.0
790,35,50,125.6,87.9,36.0,1.7
791,35,50,124.6,87.1,35.8,1.7
792,35,50,124.4,86.8,35.6,2.0
793,35,50,125.3,87.4,35.8,2.1
794,35,50,126.0,88.6,35.6,1.8
795,35,50,127.3,90.2,34.7,2.3
796,35,50,126.6,88.9,35.3,2.4
797,35,50,124.7,87.0,36.0,1.7
798,35,50,124.8,87.2,35.7,1.8
799,35,50,126.1,88.9,35.6,1.6
800,40,5,127.2,107.4,14.8,5.0
801,40,5,126.7,106.5,15.3,5.0
802,40,5,125.8,105.8,15.2,4.7
803,40,5,125.1,105.2,15.3,4.6
804,40,5,127.6,107.4,14.7,5.5
805,40,5,126.0,106.3,15.0,4.7
806,40,5,127.7,106.8,15.1,5.9
807,40,5,129.3,108.6,14.1,6.6
808,40,5,126.4,105.9,15.3,5.2
809,40,5,127.0,106.8,14.9,5.2
810,40,10,125.2,103.3,20.4,1.6
811,40,10,128.1,106.6,18.6,2.9
812,40,10,129.3,107.7,19.0,2.5
813,40,10,127.9,106.3,19.1,2.5
814,40,10,127.4,105.4,19.3,2.7
815,40,10,128.2,105.8,19.6,2.8
816,40,10,129.4,107.6,18.6,3.2
817,40,10,127.3,105.7,19.5,2.1
818,40,10,126.6,104.6,19.9,2.1
819,40,10,128.2,106.4,18.9,2.9
820,40,15,128.2,104.0,22.5,1.7
821,40,15,130.6,106.4,21.9,2.3
822,40,15,127.7,103.1,23.4,1.2
823,40,15,127.3,102.3,23.3,1.8
824,40,15,129.3,104.7,22.9,1.8
825,40,15,127.9,102.9,23.8,1.3
826,40,15,128.3,103.4,22.9,2.0
827,40,15,128.1,103.4,22.9,1.8
828,40,15,128.2,103.5,23.1,1.6
829,40,15,128.5,104.0,22.9,1.6
830,40,20,128.2,101.1,25.7,1.4
831,40,20,128.0,100.5,25.7,1.8
832,40,20,126.6,98.8,26.8,1.0
833,40,20,127.1,99.4,25.6,2.2
834,40,20,127.0,99.5,25.9,1.6
835,40,20,129.4,102.2,25.2,2.0
836,40,20,128.1,99.4,26.7,2.1
837,40,20,127.3,99.2,26.4,1.6
838,40,20,128.6,101.5,25.4,1.7
839,40,20,126.2,98.6,26.3,1.3
840,40,25,125.6,96.2,27.6,1.8
841,40,25,126.3,96.8,28.0,1.5
842,40,25,129.5,99.8,27.1,2.5
843,40,25,124.8,94.9,28.4,1.5
844,40,25,125.9,96.6,27.2,2.1
845,40,25,126.5,97.0,27.9,1.7
846,40,25,125.3,95.7,27.6,2.0
847,40,25,127.4,97.3,27.6,2.5
848,40,25,123.7,94.3,27.8,1.6
849,40,25,126.2,96.8,27.6,1.8
850,40,30,124.8,94.0,29.3,1.5
851,40,30,123.6,91.5,30.5,1.6
852,40,30,128.2,96.0,29.6,2.6
853,40,30,124.5,93.2,30.0,1.3
854,40,30,122.6,90.8,30.6,1.2
855,40,30,121.5,89.3,31.0,1.2
856,40,30,124.5,93.4,29.3,1.8
857,40,30,124.7,92.5,30.4,1.7
858,40,30,125.5,93.1,31.0,1.4
859,40,30,126.4,94.4,30.0,1.9
860,40,35,127.1,92.4,32.9,1.8
861,40,35,127.9,94.4,32.1,1.4
862,40,35,125.2,90.7,33.3,1.2
863,40,35,126.5,92.3,32.2,2.0
864,40,35,127.1,93.6,31.8,1.6
865,40,35,124.1,89.7,32.7,1.7
866,40,35,122.8,88.7,33.2,1.0
867,40,35,126.5,92.8,31.8,1.9
868,40,35,125.1,90.4,33.5,1.2
869,40,35,124.7,91.5,31.3,2.0
870,40,40,124.5,87.8,35.8,0.8
871,40,40,129.0,93.0,34.9,1.1
872,40,40,127.9,91.0,35.6,1.3
873,40,40,125.6,89.9,34.6,1.1
874,40,40,126.5,90.1,34.9,1.5
875,40,40,127.2,90.4,35.2,1.6
876,40,40,126.0,89.4,35.7,0.9
877,40,40,127.0,91.3,34.5,1.2
878,40,40,125.2,88.4,35.6,1.2
879,40,40,125.7,89.4,35.3,1.0
880,40,45,128.3,89.2,37.2,1.9
881,40,45,126.2,86.2,39.1,0.8
882,40,45,128.7,90.0,37.6,1.1
883,40,45,128.4,89.0,37.8,1.5
884,40,45,126.9,88.1,38.0,0.8
885,40,45,129.9,91.6,36.8,1.6
886,40,45,127.4,88.0,38.3,1.1
887,40,45,126.4,87.0,38.7,0.7
888,40,45,128.2,88.6,38.1,1.5
889,40,45,125.5,86.0,38.5,0.9
890,40,50,129.5,87.8,40.7,1.0
891,40,50,130.5,89.8,39.4,1.4
892,40,50,128.6,87.2,40.0,1.3
893,40,50,129.2,87.6,40.6,1.0
894,40,50,129.5,87.8,40.5,1.2
895,40,50,129.1,88.5,39.7,0.8
896,40,50,129.9,88.5,40.1,1.2
897,40,50,130.7,89.0,40.5,1.3
898,40,50,130.0,89.2,39.1,1.8
899,40,50,128.2,87.1,40.1,1.0
900,45,5,128.4,106.0,19.8,2.6
901,45,5,127.8,105.4,20.0,2.4
902,45,5,127.5,105.8,19.7,2.0
903,45,5,126.8,105.0,20.1,1.8
904,45,5,128.4,106.1,19.7,2.5
905,45,5,127.5,105.6,19.8,2.1
906,45,5,127.6,105.6,19.5,2.4
907,45,5,128.1,106.1,19.5,2.5
908,45,5,128.1,106.3,19.3,2.4
909,45,5,126.8,104.7,19.9,2.2
910,45,10,132.0,107.3,23.5,1.2
911,45,10,131.9,106.8,23.8,1.3
912,45,10,131.9,106.8,23.7,1.4
913,45,10,132.2,107.1,23.5,1.7
914,45,10,131.7,107.3,23.1,1.4
915,45,10,131.9,106.7,23.6,1.6
916,45,10,130.2,104.7,24.6,0.9
917,45,10,130.6,104.6,24.8,1.2
918,45,10,132.5,107.8,23.1,1.6
919,45,10,130.7,105.2,24.5,1.1
920,45,15,132.6,104.2,27.8,0.7
921,45,15,132.7,103.9,28.1,0.7
922,45,15,132.7,103.8,28.0,0.9
923,45,15,133.8,105.8,27.3,0.7
924,45,15,130.5,101.1,28.7,0.8
925,45,15,134.4,106.1,27.4,1.0
926,45,15,133.9,105.5,27.5,0.9
927,45,15,132.1,103.1,28.2,0.9
928,45,15,133.1,105.1,27.3,0.7
929,45,15,131.0,101.7,28.8,0.4
930,45,20,131.4,100.4,30.3,0.7
931,45,20,130.2,98.3,31.2,0.7
932,45,20,130.9,99.4,30.6,0.8
933,45,20,130.3,99.0,30.7,0.6
934,45,20,131.2,99.6,30.7,0.8
935,45,20,131.1,99.1,31.3,0.7
936,45,20,130.8,99.2,31.1,0.5
937,45,20,131.8,100.8,30.4,0.5
938,45,20,131.9,100.1,30.9,0.9
939,45,20,131.2,99.5,31.3,0.4
940,45,25,129.6,96.4,32.6,0.5
941,45,25,130.1,96.6,33.0,0.6
942,45,25,128.8,95.4,33.1,0.3
943,45,25,129.6,96.3,32.8,0.6
944,45,25,131.4,98.5,32.0,0.9
945,45,25,128.2,94.3,33.1,0.8
946,45,25,130.5,97.4,32.2,1.0
947,45,25,128.3,94.4,33.3,0.6
948,45,25,131.7,98.3,32.6,0.8
949,45,25,128.4,94.9,32.8,0.7
950,45,30,127.2,92.0,34.6,0.6
951,45,30,127.4,91.6,34.9,0.9
952,45,30,130.8,95.7,34.3,0.8
953,45,30,127.0,91.1,35.3,0.6
954,45,30,128.7,93.3,34.6,0.8
955,45,30,128.7,92.0,35.9,0.8
956,45,30,130.1,94.0,35.0,1.2
957,45,30,128.8,93.0,35.2,0.7
958,45,30,130.8,95.0,34.7,1.2
959,45,30,127.8,91.5,35.7,0.6
960,45,35,129.0,90.9,37.5,0.7
961,45,35,127.8,88.3,39.2,0.3
962,45,35,128.6,90.2,37.9,0.5
963,45,35,131.2,93.0,37.4,0.8
964,45,35,129.1,91.9,36.6,0.6
965,45,35,128.8,90.1,38.3,0.5
966,45,35,130.3,92.3,37.1,0.9
967,45,35,129.1,91.1,37.3,0.8
968,45,35,127.5,89.1,37.7,0.7
969,45,35,129.3,92.0,36.5,0.8
970,45,40,130.0,89.4,40.1,0.4
971,45,40,130.1,89.2,40.3,0.5
972,45,40,131.2,90.1,40.7,0.4
973,45,40,130.9,90.2,39.9,0.8
974,45,40,132.5,91.6,40.5,0.4
975,45,40,130.9,90.2,40.1,0.5
976,45,40,129.2,88.0,40.9,0.3
977,45,40,132.5,92.9,38.8,0.8
978,45,40,130.9,89.7,40.4,0.8
979,45,40,131.7,90.8,40.2,0.7
980,45,45,131.9,88.3,43.2,0.4
981,45,45,131.4,88.0,42.7,0.6
982,45,45,131.4,87.5,43.6,0.3
983,45,45,132.2,89.2,42.4,0.6
984,45,45,132.6,89.2,42.9,0.6
985,45,45,132.7,90.2,41.8,0.7
986,45,45,132.7,90.1,42.0,0.6
987,45,45,132.2,89.2,42.7,0.3
988,45,45,133.0,89.7,42.9,0.4
989,45,45,131.0,87.6,42.7,0.7
990,45,50,133.8,87.7,45.6,0.4
991,45,50,133.8,87.6,45.9,0.3
992,45,50,134.0,88.4,45.3,0.3
993,45,50,133.1,86.8,45.8,0.5
994,45,50,131.3,85.4,45.4,0.5
995,45,50,136.1,91.5,44.0,0.6
996,45,50,134.3,88.2,45.7,0.4
997,45,50,134.1,87.5,46.0,0.6
998,45,50,135.9,89.8,45.5,0.6
999,45,50,134.9,88.8,45.5,0.6
1000,50,5,132.0,107.0,24.1,0.9
1001,50,5,131.6,106.3,24.1,1.1
1002,50,5,133.3,108.4,23.5,1.4
1003,50,5,130.8,105.6,24.3,0.9
1004,50,5,130.8,105.4,24.5,0.9
1005,50,5,132.5,106.7,24.1,1.7
1006,50,5,131.6,106.9,23.6,1.1
1007,50,5,130.6,105.2,24.5,0.9
1008,50,5,132.2,106.9,24.3,1.0
1009,50,5,131.7,107.0,23.5,1.2
1010,50,10,136.2,106.8,29.1,0.3
1011,50,10,133.9,103.7,29.8,0.4
1012,50,10,136.0,106.8,28.7,0.6
1013,50,10,136.0,106.7,28.9,0.5
1014,50,10,134.8,105.8,28.7,0.3
1015,50,10,135.6,106.7,28.5,0.5
1016,50,10,134.5,105.0,29.3,0.2
1017,50,10,136.5,106.9,28.7,0.9
1018,50,10,134.7,105.7,28.7,0.3
1019,50,10,135.7,107.2,28.1,0.5
1020,50,15,137.4,104.6,32.5,0.4
1021,50,15,137.8,104.6,33.0,0.2
1022,50,15,137.9,104.8,32.7,0.4
1023,50,15,138.0,104.7,33.0,0.2
1024,50,15,136.7,103.3,33.1,0.2
1025,50,15,137.0,103.6,33.2,0.3
1026,50,15,137.2,103.7,33.2,0.3
1027,50,15,138.6,106.2,32.1,0.3
1028,50,15,137.0,103.8,32.9,0.3
1029,50,15,136.1,103.2,32.6,0.2
1030,50,20,135.0,98.9,35.8,0.3
1031,50,20,136.0,100.7,34.9,0.4
1032,50,20,134.7,98.7,35.8,0.2
1033,50,20,134.3,98.2,35.9,0.2
1034,50,20,137.3,101.8,35.2,0.3
1035,50,20,135.3,99.5,35.4,0.3
1036,50,20,135.9,100.1,35.5,0.3
1037,50,20,135.9,99.8,35.7,0.3
1038,50,20,135.9,100.2,35.3,0.4
1039,50,20,135.4,98.8,36.2,0.5
1040,50,25,135.6,97.5,37.8,0.3
1041,50,25,135.1,96.6,38.0,0.5
1042,50,25,133.5,95.5,37.5,0.5
1043,50,25,134.2,96.6,37.4,0.3
1044,50,25,133.4,95.2,37.6,0.5
1045,50,25,134.1,96.5,37.0,0.6
1046,50,25,135.3,98.0,36.8,0.5
1047,50,25,134.1,97.0,36.9,0.3
1048,50,25,133.8,96.1,37.4,0.4
1049,50,25,134.8,97.0,37.5,0.4
1050,50,30,134.3,94.9,38.9,0.5
1051,50,30,132.4,92.8,39.3,0.3
1052,50,30,134.4,94.5,39.4,0.5
1053,50,30,132.2,91.4,40.6,0.2
1054,50,30,133.9,93.3,40.1,0.4
1055,50,30,132.6,92.3,40.1,0.3
1056,50,30,134.3,94.0,39.6,0.7
1057,50,30,132.6,92.6,39.6,0.4
1058,50,30,134.0,94.2,39.2,0.6
1059,50,30,134.3,94.3,39.4,0.6
1060,50,35,132.6,89.9,42.5,0.2
1061,50,35,133.7,92.1,41.3,0.3
1062,50,35,133.0,90.0,42.8,0.1
1063,50,35,133.7,91.7,41.4,0.5
1064,50,35,134.5,92.4,41.8,0.3
1065,50,35,133.3,91.2,41.8,0.4
1066,50,35,131.8,88.4,43.2,0.2
1067,50,35,133.8,90.5,43.2,0.1
1068,50,35,133.6,91.1,42.4,0.2
1069,50,35,135.5,92.4,42.5,0.6
1070,50,40,135.2,89.8,45.1,0.2
1071,50,40,136.1,90.6,45.0,0.5
1072,50,40,136.5,91.6,44.7,0.2
1073,50,40,135.6,90.0,45.2,0.3
1074,50,40,133.3,87.6,45.3,0.3
1075,50,40,136.7,91.9,44.6,0.2
1076,50,40,132.5,85.6,46.6,0.2
1077,50,40,135.8,90.6,44.9,0.3
1078,50,40,135.6,89.9,45.4,0.3
1079,50,40,135.1,89.5,45.4,0.2
1080,50,45,136.3,88.3,47.9,0.2
1081,50,45,136.7,88.4,48.2,0.1
1082,50,45,137.6,89.3,48.1,0.2
1083,50,45,135.9,87.4,48.3,0.1
1084,50,45,136.5,88.0,48.4,0.1
1085,50,45,136.0,87.1,48.9,0.1
1086,50,45,136.4,88.1,48.2,0.1
1087,50,45,135.8,88.5,47.1,0.2
1088,50,45,137.9,90.0,47.7,0.3
1089,50,45,136.1,87.8,48.1,0.2
1090,50,50,137.2,86.2,50.8,0.2
1091,50,50,136.8,86.0,50.6,0.2
1092,50,50,139.0,89.2,49.6,0.2
1093,50,50,138.7,87.7,50.7,0.3
1094,50,50,137.9,87.6,50.0,0.2
1095,50,50,137.2,86.5,50.4,0.3
1096,50,50,138.3,87.3,50.7,0.2
1097,50,50,138.9,88.5,50.0,0.3
1098,50,50,136.8,85.2,51.5,0.1
1099,50,50,137.7,86.8,50.7,0.2
1100,55,5,136.4,107.6,28.4,0.4
1101,55,5,136.1,106.7,29.1,0.3
1102,55,5,136.5,107.8,28.4,0.3
1103,55,5,136.6,107.5,28.7,0.4
1104,55,5,135.7,105.8,29.5,0.5
1105,55,5,136.1,106.6,29.1,0.4
1106,55,5,135.6,106.1,29.1,0.4
1107,55,5,135.6,106.5,28.8,0.4
1108,55,5,135.8,105.6,29.6,0.5
1109,55,5,136.4,107.1,28.9,0.4
1110,55,10,139.8,106.0,33.6,0.2
1111,55,10,141.5,108.7,32.5,0.2
1112,55,10,139.5,105.4,34.0,0.2
1113,55,10,141.8,107.7,33.8,0.3
1114,55,10,139.3,105.7,33.5,0.1
1115,55,10,140.6,107.1,33.4,0.1
1116,55,10,140.5,106.8,33.5,0.2
1117,55,10,139.4,105.2,33.9,0.3
1118,55,10,138.7,104.2,34.4,0.2
1119,55,10,140.3,106.0,34.1,0.2
1120,55,15,141.9,104.3,37.4,0.1
1121,55,15,142.0,104.5,37.5,0.1
1122,55,15,141.9,104.0,37.8,0.1
1123,55,15,141.0,102.7,38.1,0.1
1124,55,15,140.9,103.4,37.4,0.1
1125,55,15,144.1,107.0,36.9,0.2
1126,55,15,141.9,104.5,37.2,0.1
1127,55,15,142.3,104.3,38.0,0.1
1128,55,15,141.7,103.7,37.8,0.1
1129,55,15,140.7,102.5,38.0,0.1
1130,55,20,138.5,97.7,40.7,0.1
1131,55,20,136.8,95.2,41.4,0.2
1132,55,20,139.3,98.5,40.6,0.1
1133,55,20,141.9,101.6,40.3,0.1
1134,55,20,143.2,102.1,40.9,0.2
1135,55,20,140.1,99.5,40.2,0.4
1136,55,20,140.2,99.4,40.6,0.2
1137,55,20,140.9,100.2,40.6,0.0
1138,55,20,141.5,101.4,39.9,0.2
1139,55,20,139.8,99.5,40.1,0.2
1140,55,25,139.0,95.5,43.3,0.1
1141,55,25,138.6,96.4,42.1,0.2
1142,55,25,139.8,97.2,42.3,0.2
1143,55,25,140.7,98.0,42.6,0.1
1144,55,25,138.4,95.7,42.6,0.1
1145,55,25,137.1,94.3,42.6,0.2
1146,55,25,137.2,93.5,43.5,0.1
1147,55,25,139.0,96.3,42.6,0.1
1148,55,25,137.4,94.0,43.2,0.1
1149,55,25,139.7,97.4,42.1,0.3
1150,55,30,137.2,91.8,45.2,0.2
1151,55,30,139.1,94.5,44.4,0.1
1152,55,30,136.8,92.2,44.5,0.1
1153,55,30,136.6,91.0,45.5,0.1
1154,55,30,139.3,95.2,43.9,0.2
1155,55,30,137.6,92.6,45.0,0.0
1156,55,30,137.6,93.2,44.4,0.1
1157,55,30,138.8,93.3,45.3,0.2
1158,55,30,139.2,94.6,44.4,0.2
1159,55,30,137.6,92.5,45.0,0.0
1160,55,35,139.8,92.8,46.7,0.3
1161,55,35,138.5,90.9,47.5,0.1
1162,55,35,138.5,90.6,47.6,0.3
1163,55,35,137.5,89.8,47.5,0.1
1164,55,35,140.2,92.7,47.3,0.2
1165,55,35,140.3,93.1,47.1,0.1
1166,55,35,137.1,88.9,48.1,0.0
1167,55,35,140.1,93.5,46.4,0.2
1168,55,35,138.3,90.7,47.6,0.1
1169,55,35,137.9,90.5,47.3,0.1
1170,55,40,139.7,89.7,49.9,0.1
1171,55,40,140.9,90.9,50.0,0.1
1172,55,40,141.0,91.5,49.2,0.3
1173,55,40,141.0,91.4,49.4,0.3
1174,55,40,138.3,86.9,51.3,0.0
1175,55,40,138.8,87.9,50.9,0.1
1176,55,40,138.8,88.7,49.9,0.1
1177,55,40,139.4,88.7,50.5,0.1
1178,55,40,138.9,89.0,49.9,0.0
1179,55,40,141.2,90.9,50.1,0.2
1180,55,45,141.1,88.1,52.9,0.1
1181,55,45,141.6,89.3,52.2,0.1
1182,55,45,140.5,87.7,52.8,0.0
1183,55,45,141.2,88.6,52.4,0.1
1184,55,45,143.9,91.8,51.8,0.4
1185,55,45,141.3,89.9,51.4,0.1
1186,55,45,143.4,90.2,53.1,0.1
1187,55,45,141.9,89.2,52.5,0.2
1188,55,45,140.3,87.1,53.1,0.1
1189,55,45,141.6,89.6,51.8,0.2
1190,55,50,144.4,88.6,55.6,0.1
1191,55,50,142.4,86.0,56.3,0.1
1192,55,50,142.1,86.1,55.8,0.2
1193,55,50,143.9,89.7,54.1,0.1
1194,55,50,143.3,87.7,55.6,0.0
1195,55,50,142.7,87.9,54.7,0.1
1196,55,50,144.4,89.0,55.3,0.0
1197,55,50,142.6,87.1,55.5,0.0
1198,55,50,143.1,87.8,55.3,0.0
1199,55,50,144.4,88.9,55.4,0.0
1200,60,5,139.5,104.3,34.9,0.3
1201,60,5,141.3,108.0,33.0,0.3
1202,60,5,140.6,106.5,33.9,0.3
1203,60,5,140.9,106.7,34.0,0.2
1204,60,5,140.4,106.1,34.2,0.1
1205,60,5,141.2,107.4,33.7,0.1
1206,60,5,141.3,107.4,33.8,0.2
1207,60,5,141.0,107.2,33.6,0.2
1208,60,5,139.4,104.3,35.0,0.1
1209,60,5,139.7,105.9,33.7,0.1
1210,60,10,144.9,105.4,39.5,0.0
1211,60,10,145.2,106.5,38.7,0.0
1212,60,10,144.5,105.2,39.1,0.1
1213,60,10,144.5,105.4,39.1,0.0
1214,60,10,145.8,108.0,37.7,0.0
1215,60,10,144.8,105.8,39.0,0.1
1216,60,10,144.4,105.3,39.1,0.0
1217,60,10,144.8,105.8,38.9,0.1
1218,60,10,145.4,107.1,38.2,0.1
1219,60,10,145.5,106.9,38.4,0.2
1220,60,15,146.2,103.5,42.7,0.0
1221,60,15,147.2,104.1,43.0,0.0
1222,60,15,147.8,105.3,42.5,0.1
1223,60,15,147.2,104.7,42.5,0.0
1224,60,15,146.1,102.2,43.9,0.0
1225,60,15,146.4,103.9,42.5,0.0
1226,60,15,148.3,105.7,42.6,0.0
1227,60,15,147.9,105.8,42.0,0.0
1228,60,15,147.9,105.8,42.0,0.0
1229,60,15,144.6,101.2,43.3,0.1
1230,60,20,145.2,99.2,46.0,0.0
1231,60,20,145.1,99.4,45.6,0.2
1232,60,20,145.4,99.4,46.0,0.0
1233,60,20,145.5,100.1,45.3,0.1
1234,60,20,145.5,99.9,45.5,0.1
1235,60,20,145.6,99.9,45.6,0.2
1236,60,20,145.9,100.1,45.7,0.0
1237,60,20,147.9,103.0,44.8,0.1
1238,60,20,147.2,102.8,44.3,0.0
1239,60,20,147.4,101.8,45.4,0.1
1240,60,25,143.2,95.0,48.2,0.0
1241,60,25,144.3,96.9,47.3,0.1
1242,60,25,141.8,93.9,47.9,0.0
1243,60,25,144.3,96.9,47.2,0.1
1244,60,25,144.9,96.7,48.2,0.0
1245,60,25,142.6,95.4,47.2,0.0
1246,60,25,144.7,97.4,47.1,0.2
1247,60,25,142.1,94.2,48.0,0.0
1248,60,25,146.3,99.1,47.1,0.0
1249,60,25,144.6,96.2,48.4,0.0
1250,60,30,142.9,93.3,49.6,0.1
1251,60,30,143.2,93.5,49.7,0.0
1252,60,30,144.8,95.4,49.2,0.1
1253,60,30,142.2,91.9,50.2,0.2
1254,60,30,143.1,93.5,49.4,0.2
1255,60,30,146.0,96.6,49.4,0.1
1256,60,30,143.4,93.9,49.4,0.1
1257,60,30,142.4,92.9,49.4,0.1
1258,60,30,141.8,92.3,49.4,0.0
1259,60,30,143.6,93.8,49.7,0.1
1260,60,35,143.2,91.1,51.9,0.1
1261,60,35,142.7,90.0,52.6,0.1
1262,60,35,144.6,93.0,51.5,0.1
1263,60,35,144.3,91.9,52.3,0.0
1264,60,35,144.8,92.6,52.0,0.2
1265,60,35,144.6,93.4,51.2,0.1
1266,60,35,143.2,89.8,53.3,0.1
1267,60,35,143.1,91.5,51.4,0.2
1268,60,35,144.5,91.5,52.9,0.0
1269,60,35,143.0,91.1,51.8,0.1
1270,60,40,144.3,88.7,55.6,0.0
1271,60,40,144.5,89.2,55.2,0.1
1272,60,40,145.5,89.4,56.0,0.0
1273,60,40,143.9,89.4,54.5,0.0
1274,60,40,145.3,90.4,54.9,0.0
1275,60,40,144.7,89.2,55.4,0.0
1276,60,40,145.4,90.1,55.3,0.0
1277,60,40,145.5,90.2,55.1,0.1
1278,60,40,144.8,88.9,55.9,0.0
1279,60,40,144.5,88.2,56.2,0.0
1280,60,45,146.8,88.9,57.8,0.1
1281,60,45,146.0,88.6,57.4,0.0
1282,60,45,146.2,89.1,57.1,0.0
1283,60,45,145.4,87.9,57.6,0.0
1284,60,45,149.3,91.5,57.8,0.0
1285,60,45,146.2,88.7,57.5,0.0
1286,60,45,146.5,89.4,57.0,0.0
1287,60,45,147.9,89.0,58.8,0.0
1288,60,45,146.7,88.9,57.8,0.0
1289,60,45,145.5,87.2,58.3,0.0
1290,60,50,148.7,88.5,60.1,0.0
1291,60,50,147.0,87.1,59.8,0.0
1292,60,50,148.4,87.6,60.9,0.0
1293,60,50,147.1,87.7,59.4,0.1
1294,60,50,148.6,88.0,60.5,0.0
1295,60,50,148.4,87.7,60.7,0.0
1296,60,50,146.8,87.2,59.6,0.0
1297,60,50,148.5,88.2,60.3,0.0
1298,60,50,147.6,87.7,59.8,0.1
1299,60,50,147.5,87.2,60.2,0.0
1300,65,5,144.7,105.7,38.9,0.1
1301,65,5,145.2,106.3,38.9,0.0
1302,65,5,146.8,108.9,37.9,0.1
1303,65,5,145.0,106.0,38.9,0.1
1304,65,5,146.8,109.2,37.6,0.1
1305,65,5,146.3,108.0,38.3,0.1
1306,65,5,146.5,108.0,38.4,0.1
1307,65,5,146.3,107.7,38.6,0.0
1308,65,5,145.5,106.8,38.6,0.1
1309,65,5,144.8,106.0,38.8,0.1
1310,65,10,148.6,104.6,44.0,0.0
1311,65,10,149.5,105.2,44.2,0.0
1312,65,10,150.2,106.7,43.5,0.0
1313,65,10,149.3,104.9,44.4,0.0
1314,65,10,148.6,104.8,43.8,0.0
1315,65,10,149.3,105.4,43.8,0.0
1316,65,10,149.7,105.8,43.9,0.0
1317,65,10,150.3,106.7,43.5,0.0
1318,65,10,150.7,107.2,43.3,0.1
1319,65,10,150.8,107.8,43.0,0.1
1320,65,15,152.7,104.9,47.8,0.1
1321,65,15,152.8,105.6,47.3,0.0
1322,65,15,147.9,98.7,49.1,0.0
1323,65,15,153.6,106.1,47.5,0.0
1324,65,15,153.6,106.6,47.0,0.0
1325,65,15,153.0,105.7,47.4,0.0
1326,65,15,153.3,105.5,47.7,0.0
1327,65,15,151.9,104.1,47.8,0.0
1328,65,15,153.5,106.1,47.3,0.1
1329,65,15,151.2,103.3,47.8,0.1
1330,65,20,150.9,100.3,50.6,0.0
1331,65,20,152.7,102.3,50.4,0.0
1332,65,20,152.3,101.7,50.6,0.0
1333,65,20,149.3,99.2,50.2,0.0
1334,65,20,149.8,99.1,50.7,0.0
1335,65,20,151.1,102.0,49.1,0.0
1336,65,20,151.0,100.1,50.9,0.0
1337,65,20,152.7,102.2,50.4,0.1
1338,65,20,149.2,98.8,50.5,0.0
1339,65,20,152.7,102.2,50.4,0.1
1340,65,25,149.5,96.8,52.5,0.1
1341,65,25,148.3,95.3,53.0,0.0
1342,65,25,149.0,96.2,52.8,0.0
1343,65,25,150.4,98.7,51.8,0.0
1344,65,25,149.5,98.0,51.5,0.0
1345,65,25,147.2,93.3,53.9,0.0
1346,65,25,149.2,97.2,52.0,0.0
1347,65,25,150.7,98.4,52.2,0.1
1348,65,25,147.3,94.5,52.7,0.0
1349,65,25,150.4,98.0,52.4,0.1
1350,65,30,150.6,96.7,53.8,0.0
1351,65,30,148.3,93.3,55.0,0.0
1352,65,30,146.4,91.6,54.9,0.0
1353,65,30,149.8,96.4,53.3,0.0
1354,65,30,149.8,95.1,54.7,0.0
1355,65,30,146.9,91.9,55.0,0.0
1356,65,30,148.2,93.3,54.8,0.0
1357,65,30,147.9,93.7,54.2,0.0
1358,65,30,149.2,94.8,54.4,0.0
1359,65,30,148.7,93.8,54.9,0.0
1360,65,35,149.1,92.3,56.8,0.0
1361,65,35,149.0,92.4,56.6,0.0
1362,65,35,148.3,91.2,57.1,0.0
1363,65,35,148.1,90.5,57.6,0.0
1364,65,35,146.2,88.6,57.6,0.0
1365,65,35,149.1,91.8,57.3,0.1
1366,65,35,146.5,88.6,57.9,0.0
1367,65,35,147.5,89.8,57.7,0.0
1368,65,35,146.9,89.5,57.4,0.0
1369,65,35,148.8,90.7,58.1,0.0
1370,65,40,150.1,89.2,60.9,0.0
1371,65,40,151.2,90.5,60.7,0.0
1372,65,40,150.9,91.2,59.7,0.0
1373,65,40,150.2,89.3,60.9,0.0
1374,65,40,151.5,92.5,59.0,0.0
1375,65,40,149.8,90.8,59.1,0.0
1376,65,40,150.3,89.5,60.9,0.0
1377,65,40,150.8,91.1,59.7,0.0
1378,65,40,148.8,87.7,61.1,0.0
1379,65,40,150.6,89.9,60.6,0.0
1380,65,45,153.3,90.9,62.5,0.0
1381,65,45,150.6,87.2,63.3,0.0
1382,65,45,152.3,90.1,62.2,0.0
1383,65,45,152.9,90.2,62.7,0.0
1384,65,45,150.5,87.8,62.7,0.0
1385,65,45,151.8,89.4,62.4,0.0
1386,65,45,151.3,88.4,62.9,0.0
1387,65,45,151.4,88.3,63.0,0.0
1388,65,45,150.0,86.4,63.6,0.0
1389,65,45,152.2,90.1,62.0,0.1
1390,65,50,153.6,88.0,65.6,0.0
1391,65,50,155.0,89.8,65.2,0.0
1392,65,50,153.5,88.2,65.2,0.1
1393,65,50,154.0,89.4,64.7,0.0
1394,65,50,151.7,85.5,66.2,0.0
1395,65,50,152.5,87.0,65.5,0.0
1396,65,50,153.7,88.5,65.2,0.0
1397,65,50,154.5,90.1,64.3,0.0
1398,65,50,153.6,88.1,65.6,0.0
1399,65,50,151.9,86.4,65.5,0.0
1400,70,5,150.5,106.7,43.8,0.0
1401,70,5,150.0,106.0,44.0,0.0
1402,70,5,150.3,106.5,43.8,0.0
1403,70,5,151.2,107.6,43.5,0.1
1404,70,5,150.4,106.0,44.3,0.0
1405,70,5,151.1,107.9,43.3,0.0
1406,70,5,151.2,107.5,43.7,0.0
1407,70,5,150.8,107.6,43.2,0.0
1408,70,5,150.1,105.5,44.6,0.0
1409,70,5,151.3,107.8,43.6,0.0
1410,70,10,155.6,107.2,48.3,0.0
1411,70,10,154.6,106.6,48.0,0.0
1412,70,10,154.5,105.6,49.0,0.0
1413,70,10,153.7,104.4,49.2,0.0
1414,70,10,156.1,107.8,48.3,0.0
1415,70,10,154.0,105.4,48.6,0.0
1416,70,10,153.5,104.6,48.9,0.0
1417,70,10,154.3,105.2,49.1,0.0
1418,70,10,154.4,106.2,48.1,0.0
1419,70,10,155.2,106.5,48.7,0.0
1420,70,15,155.7,103.6,52.2,0.0
1421,70,15,156.3,103.7,52.6,0.0
1422,70,15,156.8,104.0,52.8,0.0
1423,70,15,156.8,104.6,52.2,0.0
1424,70,15,156.2,103.2,53.0,0.0
1425,70,15,157.6,104.7,53.0,0.0
1426,70,15,155.8,103.2,52.5,0.0
1427,70,15,156.9,104.2,52.7,0.0
1428,70,15,157.3,104.4,53.0,0.0
1429,70,15,156.8,104.4,52.4,0.0
1430,70,20,155.6,100.0,55.7,0.0
1431,70,20,155.2,99.7,55.5,0.0
1432,70,20,154.6,98.2,56.4,0.0
1433,70,20,153.8,98.1,55.7,0.0
1434,70,20,154.4,98.2,56.2,0.0
1435,70,20,155.8,101.1,54.7,0.0
1436,70,20,155.6,100.1,55.5,0.0
1437,70,20,153.6,97.5,56.1,0.0
1438,70,20,155.7,100.6,55.1,0.0
1439,70,20,155.3,100.0,55.3,0.0
1440,70,25,153.0,95.1,57.8,0.0
1441,70,25,154.4,96.6,57.8,0.0
1442,70,25,153.9,96.3,57.5,0.0
1443,70,25,154.7,96.9,57.8,0.0
1444,70,25,153.7,95.9,57.7,0.0
1445,70,25,153.2,96.0,57.1,0.0
1446,70,25,155.1,97.6,57.5,0.0
1447,70,25,154.7,97.1,57.6,0.0
1448,70,25,152.8,95.0,57.7,0.0
1449,70,25,153.3,96.2,57.1,0.0
1450,70,30,152.7,93.4,59.2,0.0
1451,70,30,152.7,92.6,60.1,0.0
1452,70,30,151.9,92.5,59.5,0.0
1453,70,30,152.9,92.4,60.6,0.0
1454,70,30,154.7,96.1,58.7,0.0
1455,70,30,153.0,93.5,59.5,0.0
1456,70,30,154.6,94.4,60.2,0.0
1457,70,30,152.1,92.9,59.2,0.0
1458,70,30,154.0,95.0,59.0,0.0
1459,70,30,150.7,90.1,60.6,0.0
1460,70,35,153.2,91.1,62.1,0.0
1461,70,35,156.4,95.2,61.3,0.0
1462,70,35,156.1,94.7,61.4,0.0
1463,70,35,153.1,90.2,62.9,0.0
1464,70,35,154.0,92.2,61.9,0.0
1465,70,35,155.4,93.6,61.8,0.0
1466,70,35,154.7,92.8,61.9,0.0
1467,70,35,152.4,89.6,62.9,0.0
1468,70,35,153.9,91.9,62.0,0.0
1469,70,35,153.6,91.5,62.1,0.0
1470,70,40,155.0,90.2,64.8,0.0
1471,70,40,155.8,91.6,64.2,0.0
1472,70,40,155.5,90.9,64.6,0.0
1473,70,40,156.9,92.4,64.4,0.0
1474,70,40,155.3,90.2,65.1,0.0
1475,70,40,154.0,88.6,65.4,0.0
1476,70,40,155.7,90.5,65.2,0.0
1477,70,40,156.2,91.0,65.1,0.1
1478,70,40,153.3,87.9,65.4,0.0
1479,70,40,155.7,90.8,64.9,0.0
1480,70,45,155.5,87.3,68.2,0.0
1481,70,45,156.2,88.9,67.3,0.0
1482,70,45,158.7,91.3,67.4,0.0
1483,70,45,155.7,88.5,67.2,0.0
1484,70,45,156.5,88.2,68.4,0.0
1485,70,45,157.5,89.4,68.0,0.1
1486,70,45,156.4,87.6,68.8,0.0
1487,70,45,155.6,87.6,68.0,0.0
1488,70,45,157.1,88.5,68.6,0.0
1489,70,45,156.1,88.6,67.5,0.0
1490,70,50,159.0,89.6,69.4,0.0
1491,70,50,159.9,90.2,69.7,0.0
1492,70,50,160.2,90.6,69.5,0.0
1493,70,50,157.8,87.4,70.4,0.0
1494,70,50,159.2,89.1,70.1,0.0
1495,70,50,156.2,85.6,70.6,0.0
1496,70,50,156.5,85.9,70.6,0.0
1497,70,50,155.4,85.0,70.4,0.0
1498,70,50,157.6,87.5,70.1,0.0
1499,70,50,156.9,86.1,70.8,0.0
1500,75,5,155.8,107.2,48.6,0.0
1501,75,5,155.4,106.8,48.6,0.0
1502,75,5,156.1,107.3,48.8,0.0
1503,75,5,156.5,108.1,48.4,0.0
1504,75,5,155.4,106.5,48.8,0.0
1505,75,5,155.7,106.7,48.9,0.0
1506,75,5,155.7,106.9,48.8,0.0
1507,75,5,156.5,108.3,48.2,0.0
1508,75,5,154.8,105.4,49.3,0.0
1509,75,5,155.8,107.4,48.4,0.0
1510,75,10,161.8,109.5,52.3,0.0
1511,75,10,160.3,106.7,53.5,0.0
1512,75,10,160.7,106.8,53.9,0.0
1513,75,10,159.9,106.0,53.9,0.0
1514,75,10,161.7,109.2,52.5,0.0
1515,75,10,160.1,106.4,53.7,0.0
1516,75,10,158.9,104.9,54.0,0.0
1517,75,10,159.9,106.6,53.3,0.0
1518,75,10,159.9,105.8,54.2,0.0
1519,75,10,160.7,107.7,53.1,0.0
1520,75,15,160.3,101.7,58.6,0.0
1521,75,15,161.7,104.3,57.4,0.0
1522,75,15,161.5,103.2,58.3,0.0
1523,75,15,162.6,104.3,58.2,0.0
1524,75,15,162.6,105.2,57.4,0.0
1525,75,15,162.4,104.9,57.5,0.0
1526,75,15,161.7,104.3,57.4,0.0
1527,75,15,162.3,105.2,57.1,0.0
1528,75,15,161.3,103.4,57.9,0.0
1529,75,15,161.2,102.7,58.5,0.0
1530,75,20,159.9,98.4,61.4,0.0
1531,75,20,162.2,101.6,60.6,0.0
1532,75,20,160.6,100.4,60.1,0.0
1533,75,20,159.2,98.5,60.7,0.0
1534,75,20,159.9,99.8,60.1,0.0
1535,75,20,159.4,97.8,61.7,0.0
1536,75,20,159.2,97.9,61.3,0.0
1537,75,20,161.8,101.0,60.8,0.0
1538,75,20,160.5,99.6,60.9,0.0
1539,75,20,159.8,99.1,60.7,0.0
1540,75,25,157.2,94.8,62.4,0.0
1541,75,25,157.6,94.4,63.3,0.0
1542,75,25,157.0,93.6,63.3,0.0
1543,75,25,158.4,96.4,61.9,0.0
1544,75,25,155.7,93.1,62.5,0.0
1545,75,25,157.2,95.0,62.2,0.0
1546,75,25,157.6,94.1,63.5,0.0
1547,75,25,159.0,96.4,62.6,0.0
1548,75,25,160.0,98.2,61.8,0.0
1549,75,25,157.9,95.5,62.4,0.0
1550,75,30,155.8,91.5,64.4,0.0
1551,75,30,158.6,94.2,64.4,0.0
1552,75,30,159.7,94.7,65.0,0.0
1553,75,30,158.8,93.7,65.1,0.0
1554,75,30,159.0,93.9,65.1,0.0
1555,75,30,155.9,90.6,65.3,0.0
1556,75,30,158.2,93.7,64.4,0.0
1557,75,30,158.4,93.9,64.4,0.0
1558,75,30,157.6,92.9,64.7,0.0
1559,75,30,157.0,91.5,65.5,0.0
1560,75,35,159.0,91.7,67.3,0.0
1561,75,35,157.1,89.2,67.9,0.0
1562,75,35,159.9,93.1,66.8,0.0
1563,75,35,158.6,92.0,66.5,0.0
1564,75,35,158.1,91.2,66.9,0.0
1565,75,35,157.6,90.6,67.1,0.0
1566,75,35,159.1,91.4,67.7,0.0
1567,75,35,157.4,89.9,67.5,0.0
1568,75,35,159.0,91.8,67.1,0.0
1569,75,35,160.3,93.9,66.4,0.0
1570,75,40,159.2,89.6,69.6,0.0
1571,75,40,159.8,89.8,70.1,0.0
1572,75,40,159.1,88.0,71.1,0.0
1573,75,40,160.1,90.1,69.9,0.0
1574,75,40,160.1,90.1,70.0,0.0
1575,75,40,159.8,89.6,70.2,0.0
1576,75,40,160.1,89.7,70.4,0.0
1577,75,40,159.8,90.7,69.1,0.0
1578,75,40,159.5,88.3,71.3,0.0
1579,75,40,159.6,89.9,69.7,0.0
1580,75,45,161.1,88.8,72.2,0.0
1581,75,45,162.0,89.1,72.9,0.0
1582,75,45,161.9,88.9,73.0,0.0
1583,75,45,162.6,89.7,72.9,0.0
1584,75,45,160.5,87.9,72.6,0.0
1585,75,45,163.1,91.0,72.1,0.0
1586,75,45,162.4,90.0,72.3,0.0
1587,75,45,161.3,88.3,73.0,0.0
1588,75,45,162.3,89.2,73.1,0.0
1589,75,45,161.1,88.1,73.0,0.0
1590,75,50,163.1,87.5,75.6,0.0
1591,75,50,164.0,89.1,74.9,0.0
1592,75,50,163.4,88.0,75.4,0.0
1593,75,50,162.3,86.9,75.4,0.0
1594,75,50,161.4,85.6,75.8,0.0
1595,75,50,162.2,86.5,75.7,0.0
1596,75,50,163.9,88.2,75.6,0.0
1597,75,50,163.7,88.7,74.9,0.0
1598,75,50,163.4,87.9,75.5,0.0
1599,75,50,165.0,90.1,75.0,0.0
1600,80,5,161.7,109.0,52.7,0.0
1601,80,5,160.3,106.6,53.7,0.0
1602,80,5,160.8,107.5,53.4,0.0
1603,80,5,159.6,105.5,54.2,0.0
1604,80,5,160.2,106.1,54.1,0.0
1605,80,5,161.0,107.4,53.5,0.0
1606,80,5,159.4,105.4,54.0,0.0
1607,80,5,161.3,107.8,53.5,0.0
1608,80,5,160.2,106.3,53.9,0.0
1609,80,5,161.7,108.5,53.2,0.0
1610,80,10,164.0,104.9,59.1,0.0
1611,80,10,165.9,107.7,58.2,0.0
1612,80,10,165.0,106.5,58.5,0.0
1613,80,10,164.4,104.9,59.5,0.0
1614,80,10,165.2,107.1,58.1,0.0
1615,80,10,165.8,107.8,58.1,0.0
1616,80,10,164.9,106.2,58.8,0.0
1617,80,10,164.4,105.7,58.7,0.0
1618,80,10,166.5,108.8,57.7,0.0
1619,80,10,163.6,104.3,59.2,0.0
1620,80,15,166.1,102.9,63.2,0.0
1621,80,15,166.1,102.9,63.2,0.0
1622,80,15,166.8,103.9,62.9,0.0
1623,80,15,165.7,102.8,62.9,0.0
1624,80,15,166.8,104.4,62.4,0.0
1625,80,15,167.0,105.0,62.1,0.0
1626,80,15,167.1,104.0,63.1,0.0
1627,80,15,167.4,105.5,61.9,0.0
1628,80,15,165.7,102.1,63.5,0.0
1629,80,15,165.8,102.4,63.4,0.0
1630,80,20,164.6,98.7,65.8,0.0
1631,80,20,165.2,99.7,65.5,0.0
1632,80,20,164.4,98.7,65.7,0.0
1633,80,20,166.2,100.9,65.3,0.0
1634,80,20,164.5,99.3,65.2,0.0
1635,80,20,165.6,100.5,65.1,0.0
1636,80,20,165.3,99.9,65.5,0.0
1637,80,20,166.3,100.0,66.2,0.0
1638,80,20,165.7,100.0,65.7,0.0
1639,80,20,164.5,98.6,65.9,0.0
1640,80,25,162.7,94.4,68.3,0.0
1641,80,25,164.5,98.3,66.2,0.0
1642,80,25,164.2,97.1,67.1,0.0
1643,80,25,162.9,94.6,68.3,0.0
1644,80,25,162.5,94.8,67.7,0.0
1645,80,25,164.8,96.8,68.0,0.0
1646,80,25,163.8,95.9,67.8,0.0
1647,80,25,165.0,96.3,68.7,0.0
1648,80,25,162.8,94.9,67.9,0.0
1649,80,25,164.8,97.1,67.7,0.0
1650,80,30,165.1,96.2,68.9,0.0
1651,80,30,162.7,93.8,68.9,0.0
1652,80,30,162.5,93.0,69.5,0.0
1653,80,30,164.3,94.8,69.4,0.0
1654,80,30,164.1,94.9,69.2,0.0
1655,80,30,162.0,91.8,70.2,0.0
1656,80,30,163.7,93.6,70.0,0.0
1657,80,30,162.8,93.1,69.7,0.0
1658,80,30,163.1,93.6,69.4,0.0
1659,80,30,163.8,95.2,68.6,0.0
1660,80,35,163.0,90.8,72.2,0.0
1661,80,35,165.3,94.0,71.3,0.0
1662,80,35,165.3,93.6,71.7,0.0
1663,80,35,164.1,92.0,72.2,0.0
1664,80,35,164.5,93.1,71.4,0.0
1665,80,35,162.8,89.5,73.3,0.0
1666,80,35,163.7,92.5,71.2,0.0
1667,80,35,164.1,91.2,72.9,0.0
1668,80,35,163.4,90.4,73.0,0.0
1669,80,35,163.4,90.3,73.1,0.0
1670,80,40,162.4,86.1,76.3,0.0
1671,80,40,165.7,91.4,74.3,0.0
1672,80,40,165.0,89.9,75.1,0.0
1673,80,40,165.5,88.8,76.7,0.0
1674,80,40,164.0,88.8,75.2,0.0
1675,80,40,165.8,91.6,74.1,0.0
1676,80,40,165.1,90.3,74.8,0.0
1677,80,40,165.9,91.0,74.9,0.0
1678,80,40,163.8,88.0,75.8,0.0
1679,80,40,164.8,89.3,75.5,0.0
1680,80,45,167.5,90.0,77.6,0.0
1681,80,45,166.9,89.8,77.1,0.0
1682,80,45,164.4,85.9,78.5,0.0
1683,80,45,164.3,85.7,78.6,0.0
1684,80,45,166.6,89.3,77.3,0.0
1685,80,45,166.3,88.1,78.1,0.0
1686,80,45,167.1,90.5,76.6,0.0
1687,80,45,167.4,89.4,77.9,0.0
1688,80,45,166.1,88.4,77.7,0.0
1689,80,45,167.9,90.1,77.7,0.0
1690,80,50,168.0,87.4,80.6,0.0
1691,80,50,168.1,88.7,79.4,0.0
1692,80,50,169.2,89.9,79.3,0.0
1693,80,50,168.7,89.2,79.5,0.0
1694,80,50,169.3,88.5,80.8,0.0
1695,80,50,167.7,87.4,80.4,0.0
1696,80,50,169.9,89.2,80.8,0.0
1697,80,50,169.0,88.4,80.6,0.0
1698,80,50,166.3,86.3,80.0,0.0
1699,80,50,167.5,86.5,81.0,0.0
1700,85,5,165.6,107.2,58.4,0.0
1701,85,5,166.4,108.1,58.3,0.0
1702,85,5,166.3,108.0,58.3,0.0
1703,85,5,166.2,107.3,58.9,0.0
1704,85,5,164.7,105.5,59.2,0.0
1705,85,5,166.6,108.4,58.3,0.0
1706,85,5,165.4,106.7,58.7,0.0
1707,85,5,165.6,107.2,58.5,0.0
1708,85,5,165.1,105.6,59.5,0.0
1709,85,5,166.5,107.6,59.0,0.0
1710,85,10,169.7,105.9,63.8,0.0
1711,85,10,169.5,105.3,64.1,0.0
1712,85,10,169.8,106.1,63.6,0.0
1713,85,10,169.8,105.9,63.9,0.0
1714,85,10,169.3,105.2,64.1,0.0
1715,85,10,169.1,104.8,64.4,0.0
1716,85,10,169.3,105.3,64.0,0.0
1717,85,10,168.5,104.2,64.2,0.0
1718,85,10,170.7,107.8,62.9,0.0
1719,85,10,169.6,105.5,64.1,0.0
1720,85,15,171.2,103.6,67.6,0.0
1721,85,15,171.3,103.3,68.0,0.0
1722,85,15,172.1,105.2,67.0,0.0
1723,85,15,171.3,103.3,68.1,0.0
1724,85,15,170.9,102.4,68.5,0.0
1725,85,15,170.8,102.1,68.7,0.0
1726,85,15,172.6,105.3,67.3,0.0
1727,85,15,168.6,100.2,68.4,0.0
1728,85,15,171.4,103.9,67.5,0.0
1729,85,15,172.4,104.8,67.7,0.0
1730,85,20,168.0,97.0,71.0,0.0
1731,85,20,170.2,99.3,70.9,0.0
1732,85,20,169.7,98.4,71.4,0.0
1733,85,20,168.3,97.8,70.5,0.0
1734,85,20,170.2,99.1,71.1,0.0
1735,85,20,171.6,101.6,70.0,0.0
1736,85,20,170.9,100.4,70.5,0.0
1737,85,20,172.5,102.2,70.3,0.0
1738,85,20,169.9,99.2,70.7,0.0
1739,85,20,172.0,101.5,70.5,0.0
1740,85,25,167.5,94.6,72.9,0.0
1741,85,25,166.8,94.3,72.5,0.0
1742,85,25,168.5,95.6,72.9,0.0
1743,85,25,168.7,96.3,72.4,0.0
1744,85,25,168.2,95.6,72.6,0.0
1745,85,25,168.6,96.7,71.9,0.0
1746,85,25,169.1,96.8,72.2,0.0
1747,85,25,168.8,96.4,72.4,0.0
1748,85,25,167.8,95.5,72.3,0.0
1749,85,25,170.0,97.6,72.4,0.0
1750,85,30,165.9,90.0,76.0,0.0
1751,85,30,170.2,95.2,75.0,0.0
1752,85,30,169.1,94.3,74.8,0.0
1753,85,30,167.2,93.2,74.0,0.0
1754,85,30,167.1,92.2,74.9,0.0
1755,85,30,168.3,93.1,75.2,0.0
1756,85,30,167.0,93.2,73.9,0.0
1757,85,30,169.2,95.2,74.0,0.0
1758,85,30,167.8,92.6,75.2,0.0
1759,85,30,168.0,93.3,74.8,0.0
1760,85,35,168.6,91.4,77.2,0.0
1761,85,35,168.5,90.9,77.6,0.0
1762,85,35,168.1,90.5,77.6,0.0
1763,85,35,169.0,92.1,76.9,0.0
1764,85,35,167.7,89.3,78.4,0.0
1765,85,35,169.5,92.4,77.1,0.0
1766,85,35,169.1,90.5,78.7,0.0
1767,85,35,168.8,92.0,76.8,0.0
1768,85,35,168.8,91.6,77.2,0.0
1769,85,35,168.2,90.6,77.6,0.0
1770,85,40,168.4,88.5,79.9,0.0
1771,85,40,171.8,92.8,79.0,0.0
1772,85,40,169.5,89.1,80.5,0.0
1773,85,40,170.4,90.9,79.5,0.0
1774,85,40,169.6,88.7,80.9,0.0
1775,85,40,169.6,89.6,80.0,0.0
1776,85,40,170.0,90.0,80.0,0.0
1777,85,40,170.6,90.7,79.9,0.0
1778,85,40,168.3,87.9,80.4,0.0
1779,85,40,171.3,91.1,80.2,0.0
1780,85,45,171.1,88.7,82.5,0.0
1781,85,45,171.2,87.8,83.4,0.0
1782,85,45,171.6,89.0,82.6,0.0
1783,85,45,171.7,89.1,82.7,0.0
1784,85,45,172.0,89.5,82.6,0.0
1785,85,45,171.6,88.6,83.0,0.0
1786,85,45,171.4,88.6,82.8,0.0
1787,85,45,172.1,90.8,81.3,0.0
1788,85,45,171.5,88.8,82.7,0.0
1789,85,45,172.3,89.5,82.8,0.0
1790,85,50,172.5,87.8,84.7,0.0
1791,85,50,174.1,87.9,86.2,0.0
1792,85,50,172.5,86.3,86.2,0.0
1793,85,50,173.0,87.1,85.9,0.0
1794,85,50,172.0,86.2,85.8,0.0
1795,85,50,173.4,88.4,85.0,0.0
1796,85,50,175.2,90.0,85.2,0.0
1797,85,50,172.9,87.7,85.2,0.0
1798,85,50,173.2,87.1,86.1,0.0
1799,85,50,173.3,88.5,84.8,0.0
1800,90,5,169.9,105.4,64.5,0.0
1801,90,5,170.1,106.0,64.1,0.0
1802,90,5,170.8,107.0,63.8,0.0
1803,90,5,170.0,106.2,63.7,0.0
1804,90,5,170.9,107.3,63.6,0.1
1805,90,5,171.5,108.3,63.2,0.0
1806,90,5,170.5,106.9,63.6,0.0
1807,90,5,170.3,106.5,63.8,0.0
1808,90,5,170.7,106.7,64.0,0.0
1809,90,5,171.0,107.5,63.5,0.0
1810,90,10,175.6,107.5,68.2,0.0
1811,90,10,175.6,107.9,67.8,0.0
1812,90,10,175.7,108.0,67.6,0.0
1813,90,10,175.2,107.0,68.3,0.0
1814,90,10,173.3,103.3,70.0,0.0
1815,90,10,174.9,106.3,68.6,0.0
1816,90,10,175.5,107.5,67.9,0.0
1817,90,10,175.1,106.7,68.4,0.0
1818,90,10,174.5,105.6,68.9,0.0
1819,90,10,175.6,107.7,67.9,0.0
1820,90,15,177.5,104.9,72.6,0.0
1821,90,15,177.1,104.8,72.3,0.0
1822,90,15,177.6,104.8,72.8,0.0
1823,90,15,175.5,102.5,73.1,0.0
1824,90,15,174.7,101.4,73.4,0.0
1825,90,15,177.0,104.0,73.0,0.0
1826,90,15,175.0,101.7,73.3,0.0
1827,90,15,177.1,104.4,72.7,0.0
1828,90,15,177.6,105.8,71.8,0.0
1829,90,15,177.2,105.0,72.3,0.0
1830,90,20,173.8,97.3,76.5,0.0
1831,90,20,176.0,100.5,75.5,0.0
1832,90,20,175.2,100.0,75.2,0.0
1833,90,20,176.8,101.1,75.7,0.0
1834,90,20,174.5,99.4,75.0,0.0
1835,90,20,175.8,100.2,75.6,0.0
1836,90,20,175.9,100.8,75.1,0.0
1837,90,20,176.9,102.0,75.0,0.0
1838,90,20,174.9,98.9,76.0,0.0
1839,90,20,176.7,101.6,75.1,0.0
1840,90,25,174.1,96.7,77.4,0.0
1841,90,25,174.1,96.9,77.3,0.0
1842,90,25,173.3,95.4,77.9,0.0
1843,90,25,174.3,97.6,76.7,0.0
1844,90,25,175.7,98.5,77.2,0.0
1845,90,25,174.1,96.6,77.5,0.0
1846,90,25,173.4,95.8,77.6,0.0
1847,90,25,174.2,97.0,77.3,0.0
1848,90,25,172.5,94.9,77.6,0.0
1849,90,25,174.3,96.4,77.9,0.0
1850,90,30,173.4,94.0,79.4,0.0
1851,90,30,172.1,92.5,79.7,0.0
1852,90,30,173.1,93.1,80.0,0.0
1853,90,30,172.7,93.0,79.7,0.0
1854,90,30,173.2,93.3,79.9,0.0
1855,90,30,173.1,93.5,79.6,0.0
1856,90,30,174.6,95.5,79.2,0.0
1857,90,30,173.7,94.5,79.2,0.0
1858,90,30,172.0,91.6,80.4,0.0
1859,90,30,171.9,91.4,80.5,0.0
1860,90,35,173.8,91.1,82.7,0.0
1861,90,35,174.1,92.5,81.6,0.0
1862,90,35,172.2,90.5,81.8,0.0
1863,90,35,174.4,91.6,82.8,0.0
1864,90,35,174.8,92.5,82.3,0.0
1865,90,35,172.4,89.2,83.2,0.0
1866,90,35,173.5,91.7,81.8,0.0
1867,90,35,172.4,90.2,82.2,0.0
1868,90,35,172.9,90.4,82.4,0.0
1869,90,35,174.5,93.6,80.9,0.0
1870,90,40,175.6,90.9,84.7,0.0
1871,90,40,175.4,90.4,85.0,0.0
1872,90,40,174.7,89.2,85.4,0.0
1873,90,40,175.3,90.1,85.2,0.0
1874,90,40,175.6,90.1,85.5,0.0
1875,90,40,175.1,90.3,84.8,0.0
1876,90,40,174.8,89.3,85.5,0.0
1877,90,40,173.0,87.4,85.6,0.0
1878,90,40,174.1,88.5,85.5,0.0
1879,90,40,176.7,91.5,85.2,0.0
1880,90,45,175.9,87.8,88.1,0.0
1881,90,45,177.5,90.1,87.4,0.0
1882,90,45,177.6,90.6,87.0,0.0
1883,90,45,176.1,87.9,88.2,0.0
1884,90,45,176.0,89.1,86.9,0.0
1885,90,45,177.8,89.4,88.3,0.0
1886,90,45,176.6,88.9,87.7,0.0
1887,90,45,177.1,89.9,87.3,0.0
1888,90,45,178.6,91.1,87.5,0.0
1889,90,45,175.7,88.2,87.5,0.0
1890,90,50,175.8,86.0,89.7,0.0
1891,90,50,177.9,87.4,90.4,0.0
1892,90,50,176.7,85.8,90.9,0.0
1893,90,50,179.4,90.0,89.3,0.0
1894,90,50,177.9,88.2,89.7,0.0
1895,90,50,178.2,87.4,90.8,0.0
1896,90,50,175.2,84.9,90.4,0.0
1897,90,50,178.5,88.1,90.4,0.0
1898,90,50,177.0,87.6,89.3,0.0
1899,90,50,178.2,88.5,89.7,0.0
1900,95,5,175.4,106.6,68.8,0.0
1901,95,5,175.1,106.0,69.1,0.0
1902,95,5,176.6,108.8,67.8,0.0
1903,95,5,176.1,108.0,68.1,0.0
1904,95,5,176.6,108.0,68.6,0.0
1905,95,5,175.2,106.3,68.9,0.0
1906,95,5,174.5,105.5,69.1,0.0
1907,95,5,177.5,109.7,67.8,0.0
1908,95,5,176.1,107.2,68.9,0.0
1909,95,5,175.6,106.9,68.6,0.0
1910,95,10,180.2,107.1,73.1,0.0
1911,95,10,179.8,105.6,74.2,0.0
1912,95,10,178.1,103.6,74.5,0.0
1913,95,10,180.3,106.9,73.5,0.0
1914,95,10,181.1,108.2,72.9,0.0
1915,95,10,180.0,105.8,74.2,0.0
1916,95,10,180.9,107.5,73.4,0.0
1917,95,10,180.1,107.0,73.1,0.0
1918,95,10,180.4,107.1,73.3,0.0
1919,95,10,179.6,105.9,73.8,0.0
1920,95,15,179.9,101.9,78.0,0.0
1921,95,15,181.9,104.4,77.5,0.0
1922,95,15,180.7,102.8,77.9,0.0
1923,95,15,180.3,101.9,78.5,0.0
1924,95,15,182.0,104.7,77.3,0.0
1925,95,15,181.2,103.5,77.7,0.0
1926,95,15,182.1,104.3,77.9,0.0
1927,95,15,181.8,104.3,77.5,0.0
1928,95,15,183.0,105.1,77.9,0.0
1929,95,15,182.3,104.8,77.5,0.0
1930,95,20,180.5,100.4,80.1,0.0
1931,95,20,181.1,100.9,80.2,0.0
1932,95,20,180.1,99.5,80.5,0.0
1933,95,20,179.1,98.6,80.5,0.0
1934,95,20,182.0,101.2,80.9,0.0
1935,95,20,180.6,100.0,80.6,0.0
1936,95,20,181.3,100.9,80.4,0.0
1937,95,20,180.9,100.8,80.1,0.0
1938,95,20,180.3,99.2,81.2,0.0
1939,95,20,183.7,104.3,79.4,0.0
1940,95,25,179.5,97.3,82.1,0.0
1941,95,25,178.2,96.1,82.1,0.0
1942,95,25,180.7,98.1,82.6,0.0
1943,95,25,179.2,96.7,82.5,0.0
1944,95,25,178.8,96.7,82.2,0.0
1945,95,25,180.1,97.3,82.7,0.0
1946,95,25,178.6,96.6,82.0,0.0
1947,95,25,180.4,99.1,81.4,0.0
1948,95,25,180.1,97.4,82.7,0.0
1949,95,25,179.8,97.1,82.7,0.0
1950,95,30,178.8,93.8,85.0,0.0
1951,95,30,177.9,93.3,84.6,0.0
1952,95,30,179.1,94.8,84.2,0.0
1953,95,30,178.1,93.3,84.8,0.0
1954,95,30,176.2,90.7,85.6,0.0
1955,95,30,177.9,92.7,85.3,0.0
1956,95,30,179.8,95.4,84.4,0.0
1957,95,30,178.2,93.8,84.4,0.0
1958,95,30,177.9,93.8,84.1,0.0
1959,95,30,178.5,94.1,84.4,0.0
1960,95,35,179.2,91.5,87.7,0.0
1961,95,35,178.2,90.7,87.5,0.0
1962,95,35,179.6,92.8,86.8,0.0
1963,95,35,181.0,94.3,86.7,0.0
1964,95,35,179.2,92.2,87.0,0.0
1965,95,35,179.2,92.4,86.8,0.0
1966,95,35,179.8,92.7,87.2,0.0
1967,95,35,179.3,92.1,87.1,0.0
1968,95,35,179.9,91.8,88.1,0.0
1969,95,35,178.7,91.9,86.8,0.0
1970,95,40,181.7,91.9,89.8,0.0
1971,95,40,180.7,91.2,89.5,0.0
1972,95,40,179.6,89.2,90.4,0.0
1973,95,40,179.0,88.9,90.1,0.0
1974,95,40,179.9,90.4,89.5,0.0
1975,95,40,180.4,90.4,89.9,0.0
1976,95,40,180.5,89.6,90.8,0.0
1977,95,40,180.4,89.8,90.6,0.0
1978,95,40,180.6,90.8,89.8,0.0
1979,95,40,180.6,90.4,90.2,0.0
1980,95,45,182.7,90.3,92.4,0.0
1981,95,45,180.8,87.8,93.0,0.0
1982,95,45,182.4,90.3,92.2,0.0
1983,95,45,181.3,87.9,93.4,0.0
1984,95,45,181.9,89.1,92.8,0.0
1985,95,45,181.7,89.5,92.3,0.0
1986,95,45,182.5,89.7,92.8,0.0
1987,95,45,181.4,88.2,93.2,0.0
1988,95,45,180.9,88.5,92.4,0.0
1989,95,45,181.4,90.2,91.2,0.0
1990,95,50,183.6,87.6,95.9,0.0
1991,95,50,184.2,89.1,95.1,0.0
1992,95,50,183.5,87.7,95.7,0.0
1993,95,50,181.6,85.8,95.8,0.0
1994,95,50,185.2,89.8,95.5,0.0
1995,95,50,182.9,88.3,94.6,0.0
1996,95,50,184.8,89.4,95.4,0.0
1997,95,50,183.9,88.9,95.0,0.0
1998,95,50,183.2,87.3,95.9,0.0
1999,95,50,183.0,86.3,96.7,0.0
2000,100,5,180.8,107.4,73.4,0.0
2001,100,5,181.5,108.3,73.2,0.0
2002,100,5,181.1,107.5,73.5,0.0
2003,100,5,179.3,104.9,74.4,0.0
2004,100,5,179.4,105.1,74.3,0.0
2005,100,5,180.8,106.9,74.0,0.0
2006,100,5,181.0,107.5,73.5,0.0
2007,100,5,180.9,107.5,73.4,0.0
2008,100,5,180.8,107.1,73.8,0.0
2009,100,5,180.1,105.6,74.5,0.0
2010,100,10,185.0,106.9,78.1,0.0
2011,100,10,185.0,106.3,78.7,0.0
2012,100,10,186.8,109.3,77.5,0.0
2013,100,10,182.8,102.7,80.1,0.0
2014,100,10,185.8,108.0,77.7,0.0
2015,100,10,185.0,107.3,77.7,0.0
2016,100,10,185.1,106.8,78.3,0.0
2017,100,10,184.2,104.4,79.8,0.0
2018,100,10,184.9,106.5,78.3,0.0
2019,100,10,183.1,104.4,78.7,0.0
2020,100,15,189.5,106.8,82.7,0.0
2021,100,15,187.1,104.6,82.4,0.0
2022,100,15,186.6,103.3,83.3,0.0
2023,100,15,186.2,103.6,82.6,0.0
2024,100,15,184.8,101.7,83.1,0.0
2025,100,15,186.0,103.0,83.0,0.0
2026,100,15,188.1,105.2,82.8,0.0
2027,100,15,184.5,101.5,83.0,0.0
2028,100,15,187.4,105.1,82.3,0.0
2029,100,15,185.7,102.5,83.2,0.0
2030,100,20,185.2,99.0,86.3,0.0
2031,100,20,185.8,100.4,85.4,0.0
2032,100,20,187.4,102.4,85.0,0.0
2033,100,20,186.3,100.6,85.7,0.0
2034,100,20,184.6,99.5,85.2,0.0
2035,100,20,185.4,99.6,85.8,0.0
2036,100,20,185.6,99.7,85.9,0.0
2037,100,20,187.2,101.8,85.5,0.0
2038,100,20,185.2,99.7,85.5,0.0
2039,100,20,185.9,101.0,84.9,0.0
2040,100,25,181.9,94.0,87.9,0.0
2041,100,25,184.3,96.6,87.7,0.0
2042,100,25,184.9,97.4,87.4,0.0
2043,100,25,183.7,96.5,87.2,0.0
2044,100,25,185.5,97.7,87.8,0.0
2045,100,25,185.2,98.0,87.2,0.0
2046,100,25,183.8,96.7,87.1,0.0
2047,100,25,185.8,99.2,86.6,0.0
2048,100,25,184.5,96.9,87.5,0.0
2049,100,25,185.9,98.4,87.5,0.0
2050,100,30,182.5,91.7,90.8,0.0
2051,100,30,183.3,94.1,89.2,0.0
2052,100,30,182.7,93.6,89.1,0.0
2053,100,30,183.1,94.5,88.6,0.0
2054,100,30,183.2,93.3,90.0,0.0
2055,100,30,183.4,93.4,90.1,0.0
2056,100,30,184.1,94.5,89.6,0.0
2057,100,30,186.7,97.7,89.0,0.0
2058,100,30,184.7,95.1,89.6,0.0
2059,100,30,183.5,93.5,90.0,0.0
2060,100,35,183.4,91.3,92.1,0.0
2061,100,35,182.8,90.1,92.7,0.0
2062,100,35,183.4,90.2,93.1,0.0
2063,100,35,185.2,93.3,92.0,0.0
2064,100,35,181.9,89.4,92.5,0.0
2065,100,35,184.5,92.8,91.7,0.0
2066,100,35,182.7,90.3,92.3,0.0
2067,100,35,183.9,91.6,92.2,0.0
2068,100,35,183.9,91.5,92.4,0.0
2069,100,35,183.7,91.8,91.9,0.0
2070,100,40,185.9,91.7,94.2,0.0
2071,100,40,186.3,91.1,95.2,0.0
2072,100,40,185.6,90.3,95.2,0.0
2073,100,40,184.7,90.0,94.8,0.0
2074,100,40,183.2,88.8,94.4,0.0
2075,100,40,183.8,88.9,94.9,0.0
2076,100,40,185.7,91.2,94.4,0.0
2077,100,40,185.1,90.3,94.7,0.0
2078,100,40,182.3,86.1,96.1,0.0
2079,100,40,185.9,90.9,95.0,0.0
2080,100,45,187.4,90.7,96.7,0.0
2081,100,45,185.8,87.3,98.4,0.0
2082,100,45,185.4,87.1,98.3,0.0
2083,100,45,186.9,89.6,97.3,0.0
2084,100,45,185.8,87.8,98.0,0.0
2085,100,45,186.4,88.7,97.7,0.0
2086,100,45,187.3,89.3,98.0,0.0
2087,100,45,185.6,88.3,97.3,0.0
2088,100,45,187.7,90.4,97.3,0.0
2089,100,45,187.9,90.0,97.8,0.0
2090,100,50,189.9,91.1,98.8,0.0
2091,100,50,188.1,87.9,100.2,0.0
2092,100,50,188.6,88.5,100.0,0.0
2093,100,50,188.6,89.0,99.5,0.0
2094,100,50,186.9,86.8,100.2,0.0
2095,100,50,189.8,89.2,100.6,0.0
2096,100,50,187.0,86.9,100.1,0.0
2097,100,50,187.1,87.4,99.6,0.0
2098,100,50,189.3,89.7,99.6,0.0
2099,100,50,187.4,87.3,100.1,0.0
